,Noms,Metiers,country,age
0,Tom Hanks,Acteur/Actrice,"Birthplace: Concord, California, USA",Born: 07-09-1956
7,Hugh Jackman,Acteur/Actrice,"Birthplace: Sydney, New South Wales, Australia",Born: 10-12-1968
10,Chris Hemsworth,Acteur/Actrice,"Birthplace: Melbourne, Australia",Born: 08-11-1983
12,Patrick Stewart,Acteur/Actrice,"Birthplace: Mirfield, United Kingdom",Born: 07-13-1940
13,Ian McKellen,Acteur/Actrice,"Birthplace: Burnley, United Kingdom",Born: 05-25-1939
16,Liam Neeson,Acteur/Actrice,"Birthplace: Ballymena, Northern Ireland, UK",Born: 06-07-1952
19,Denzel Washington,Acteur/Actrice,"Birthplace: Mount Vernon, New York, USA",Born: 12-28-1954
24,Anthony Hopkins,Acteur/Actrice,"Birthplace: Margam, United Kingdom",Born: 1937-12-31
25,Sandra Bullock,Acteur/Actrice,"Birthplace: Virginia, United States of America",Born: 07-26-1964
26,Morgan Freeman,Acteur/Actrice,"Birthplace: Memphis, Tennessee, USA",Born: 06-01-1937
29,Maggie Smith,Acteur/Actrice,"Birthplace: Ilford, London, United Kingdom",Born: 12-28-1934
0,Leonardo DiCaprio,Acteur/Actrice, , 
9,Ryan Reynolds,Acteur/Actrice, , 
11,Johnny Depp,Acteur/Actrice, , 
14,Chris Hemsworth,Acteur/Actrice, , 
16,Michael B. Jordan,Acteur/Actrice, , 
18,Chris Evans,Acteur/Actrice, , 
20,Orlando Bloom,Acteur/Actrice, , 
24,Paul Rudd,Acteur/Actrice, , 
0,Hugh Jackman,Acteur/Actrice, , 
3,Benedict Cumberbatch,Acteur/Actrice, , 
5,Robert Downey Jr.,Acteur/Actrice, , 
12,Patrick Stewart,Acteur/Actrice, , 
13,Samuel L. Jackson,Acteur/Actrice, , 
16,Ian McKellen,Acteur/Actrice, , 
19,Liam Neeson,Acteur/Actrice, , 
22,Anthony Hopkins,Acteur/Actrice, , 
23,Gary Oldman,Acteur/Actrice, , 
25,Morgan Freeman,Acteur/Actrice, , 
28,Christopher Walken,Acteur/Actrice, , 
29,Sam Elliott,Acteur/Actrice, , 
30,Michael Caine,Acteur/Actrice, , 
34,Maggie Smith,Acteur/Actrice, , 
0,Brie Larson,Acteur/Actrice,"Birthplace: Sacramento, California, United States of America", 
3,Emma Stone,Acteur/Actrice,"Birthplace: Scottsdale, Arizona, USA", 
4,Natalie Portman,Acteur/Actrice,"Birthplace: Jerusalem, Israel", 
5,Saoirse Ronan,Acteur/Actrice,"Birthplace: Woodlawn, New York City, New York, United States of America", 
7,Keira Knightley,Acteur/Actrice,"Birthplace: Teddington, Middlesex, England, UK", 
10,Alicia Vikander,Acteur/Actrice,"Birthplace: Gothenburg, Västra Götalands län, Sweden", 
11,Dakota Fanning,Acteur/Actrice,"Birthplace: Conyers, Georgia, United States of America", 
14,Emily Blunt,Acteur/Actrice,"Birthplace: Roehampton, London, United Kingdom", 
15,Scarlett Johansson,Acteur/Actrice,"Birthplace: New York City, New York, United States of America", 
22,Anne Hathaway,Acteur/Actrice,"Birthplace: Brooklyn, New York, USA", 
23,Margot Robbie,Acteur/Actrice,"Birthplace: Gold Coast, Australia", 
25,Jennifer Lawrence,Acteur/Actrice,"Birthplace: Louisville, Kentucky, USA", 
26,Michelle Williams,Acteur/Actrice,"Birthplace: Kalispell, Montana, United States of America", 
0,Salman Khan,Acteur/Actrice, , 
1,Jaden Smith,Acteur/Actrice, , 
2,Tyler Perry,Acteur/Actrice, , 
3,Russell Brand,Acteur/Actrice, , 
0,Clint Eastwood,Realisateur, , 
5,Clint Eastwood,Acteur/Actrice, , 
11,Christian Bale,Acteur/Actrice, , 
18,Leonardo DiCaprio,Acteur/Actrice, , 
27,Matthew McConaughey,Acteur/Actrice, , 
32,Joaquin Phoenix,Acteur/Actrice, , 
36,Russell Crowe,Acteur/Actrice, , 
40,Brad Pitt,Acteur/Actrice, , 
45,Tom Hardy,Acteur/Actrice, , 
48,Daniel Day-Lewis,Acteur/Actrice, , 
49,Tom Hanks,Acteur/Actrice, , 
59,Matt Damon,Acteur/Actrice, , 
65,Willem Dafoe,Acteur/Actrice, , 
69,Harrison Ford,Acteur/Actrice, , 
77,Patrick Stewart,Acteur/Actrice, , 
78,Robert De Niro,Acteur/Actrice, , 
89,Denzel Washington,Acteur/Actrice, , 
94,Anthony Hopkins,Acteur/Actrice, , 
95,Michael Keaton,Acteur/Actrice, , 
96,Jeff Bridges,Acteur/Actrice, , 
102,Morgan Freeman,Acteur/Actrice, , 
105,Edward Norton,Acteur/Actrice, , 
109,Jack Nicholson,Acteur/Actrice, , 
111,Ed Harris,Acteur/Actrice, , 
112,Kurt Russell,Acteur/Actrice, , 
118,Gary Sinise,Acteur/Actrice, , 
0,Viggo Mortensen,Acteur/Actrice, , 
3,Hugh Jackman,Acteur/Actrice, , 
6,Benedict Cumberbatch,Acteur/Actrice, , 
9,Colin Firth,Acteur/Actrice, , 
12,Robert Downey Jr.,Acteur/Actrice, , 
16,Johnny Depp,Acteur/Actrice, , 
19,Ewan McGregor,Acteur/Actrice, , 
20,Chris Hemsworth,Acteur/Actrice, , 
23,Robert De Niro,Acteur/Actrice, , 
25,Samuel L. Jackson,Acteur/Actrice, , 
28,Ian McKellen,Acteur/Actrice, , 
31,Liam Neeson,Acteur/Actrice, , 
34,Denzel Washington,Acteur/Actrice, , 
40,James McAvoy,Acteur/Actrice, , 
43,Judi Dench,Acteur/Actrice, , 
46,Gary Oldman,Acteur/Actrice, , 
51,Gerard Butler,Acteur/Actrice, , 
54,Peter Dinklage,Acteur/Actrice, , 
56,Christopher Walken,Acteur/Actrice, , 
57,Helena Bonham Carter,Acteur/Actrice, , 
58,Kathy Bates,Acteur/Actrice, , 
59,Sam Elliott,Acteur/Actrice, , 
60,Michael Caine,Acteur/Actrice, , 
64,Leonard Nimoy,Acteur/Actrice, , 
65,Donald Sutherland,Acteur/Actrice, , 
0,Clint Eastwood,Realisateur,"California, United States of America", 
5,Clint Eastwood,Acteur/Actrice,"California, United States of America", 
11,Leonardo DiCaprio,Acteur/Actrice,"Los Angeles, California, United States of America", 
20,Tom Hanks,Acteur/Actrice,"Concord, California, USA", 
27,Harrison Ford,Acteur/Actrice,"Chicago, Illinois, USA", 
28,Robert De Niro,Acteur/Actrice,"Greenwich Village, New York City, New York", 
30,Denzel Washington,Acteur/Actrice,"Mount Vernon, New York, USA", 
35,Anthony Hopkins,Acteur/Actrice,"Margam, United Kingdom", 
36,Cate Blanchett,Acteur/Actrice,"Ivanhoe, Australia", 
38,Judi Dench,Acteur/Actrice,"Heworth, United Kingdom", 
41,Morgan Freeman,Acteur/Actrice,"Memphis, Tennessee, United States of America", 
44,Jack Nicholson,Acteur/Actrice,"Neptune City, New Jersey, United States of America", 
45,Michael Caine,Acteur/Actrice,"Rotherhithe, London, United Kingdom", 
49,Maggie Smith,Acteur/Actrice,"Ilford, London, United Kingdom", 
0,Bradley Cooper,Realisateur,"Birthplace: Philadelphia, Pennsylvania, United States of America",Age: 47
1,Bradley Cooper,Acteur/Actrice,"Birthplace: Philadelphia, Pennsylvania, United States of America",Age: 47
4,Leonardo DiCaprio,Acteur/Actrice,"Birthplace: Los Angeles, California, United States of America",Age: 48
13,Ryan Gosling,Acteur/Actrice,"Birthplace: London, Canada",Age: 42
17,Chris Pratt,Acteur/Actrice,"Birthplace: Virginia, Minnesota, USA",Age: 43
19,Ryan Reynolds,Acteur/Actrice,"Birthplace: Vancouver, British Columbia, Canada",Age: 46
21,Robert Downey Jr.,Acteur/Actrice,"Birthplace: Manhattan, New York City, New York, United States of America",Age: 57
25,Will Smith,Acteur/Actrice,"Birthplace: Philadelphia, Pennsylvania, USA",Age: 54
27,Johnny Depp,Acteur/Actrice,"Birthplace: Owensboro, Kentucky, United States of America",Age: 59
30,Jake Gyllenhaal,Acteur/Actrice,"Birthplace: Los Angeles, California, United States of America",Age: 41
35,Armie Hammer,Acteur/Actrice,"Birthplace: Los Angeles, California, USA",Age: 36
36,Chris Hemsworth,Acteur/Actrice,"Birthplace: Melbourne, Australia",Age: 39
38,Chris Pine,Acteur/Actrice,"Birthplace: Los Angeles, California, USA",Age: 42
41,Michael B. Jordan,Acteur/Actrice,"Birthplace: Santa Ana, California, USA",Age: 35
43,Chris Evans,Acteur/Actrice,"Birthplace: Boston, Massachusetts, USA",Age: 41
45,Orlando Bloom,Acteur/Actrice,"Birthplace: Canterbury, Kent, England, UK",Age: 45
49,Paul Rudd,Acteur/Actrice,"Birthplace: Passaic, New Jersey, USA",Age: 53
0,Hugh Jackman,Acteur/Actrice,"Birthplace: Sydney, Australia",Age: 54
3,Benedict Cumberbatch,Acteur/Actrice,"Birthplace: London, England, UK",Age: 46
12,Patrick Stewart,Acteur/Actrice,"Birthplace: Mirfield, United Kingdom",Age: 82
13,Samuel L. Jackson,Acteur/Actrice,"Birthplace: Washington, D.C., United States of America",Age: 73
16,Ian McKellen,Acteur/Actrice,"Birthplace: Burnley, United Kingdom",Age: 83
19,Liam Neeson,Acteur/Actrice,"Birthplace: Ballymena, United Kingdom",Age: 70
22,Anthony Hopkins,Acteur/Actrice,"Birthplace: Margam, United Kingdom",Age: 84
23,Gary Oldman,Acteur/Actrice,"Birthplace: New Cross, London, England, London, United Kingdom",Age: 64
25,Morgan Freeman,Acteur/Actrice,"Birthplace: Memphis, Tennessee, United States of America",Age: 85
28,Christopher Walken,Acteur/Actrice,"Birthplace: Astoria, New York City, New York, United States of America",Age: 79
29,Sam Elliott,Acteur/Actrice,"Birthplace: Sacramento, California, USA",Age: 78
30,Michael Caine,Acteur/Actrice,"Birthplace: Rotherhithe, London, United Kingdom",Age: 89
34,Maggie Smith,Acteur/Actrice,"Birthplace: Ilford, London, United Kingdom",Age: 87
0,Christian Bale,Acteur/Actrice,"Birthplace: Haverfordwest, United Kingdom",Age: 48
7,Jason Statham,Acteur/Actrice,"Birthplace: Shirebrook, Derbyshire, England",Age: 55
8,Tom Hardy,Acteur/Actrice,"Birthplace: Hammersmith, London, England, UK",Age: 45
11,Hugh Jackman,Acteur/Actrice,"Birthplace: Sydney, Australia",Age: 54
14,Andrew Garfield,Acteur/Actrice,"Birthplace: Los Angeles, California, United States of America",Age: 39
15,Chiwetel Ejiofor,Acteur/Actrice,"Birthplace: Forest Gate, England",Age: 45
19,Dev Patel,Acteur/Actrice,"Birthplace: Harrow, London, London, United Kingdom",Age: 32
20,Benedict Cumberbatch,Acteur/Actrice,"Birthplace: London, England, UK",Age: 46
22,Colin Firth,Acteur/Actrice,"Birthplace: Grayshott, United Kingdom",Age: 62
25,Ewan McGregor,Acteur/Actrice,"Birthplace: Perth, United Kingdom",Age: 51
28,Riz Ahmed,Acteur/Actrice,"Birthplace: London, England, UK",Age: 39
30,Ben Whishaw,Acteur/Actrice,"Birthplace: Clifton, United Kingdom",Age: 42
31,Domhnall Gleeson,Acteur/Actrice,"Birthplace: Dublin, Republic of Ireland",Age: 39
34,Eddie Redmayne,Acteur/Actrice,"Birthplace: London, United Kingdom",Age: 40
36,Sam Worthington,Acteur/Actrice,"Birthplace: Godalming, Surrey, England, UK",Age: 46
37,Daniel Kaluuya,Acteur/Actrice,"Birthplace: London, England",Age: 33
38,James McAvoy,Acteur/Actrice,"Birthplace: Port Glasgow, Scotland, UK",Age: 43
41,Jamie Bell,Acteur/Actrice,"Birthplace: Billingham, United Kingdom",Age: 36
42,Aaron Taylor-Johnson,Acteur/Actrice,"Birthplace: High Wycombe, England, UK",Age: 32
43,Gerard Butler,Acteur/Actrice,"Birthplace: Paisley, Scotland, UK",Age: 53
46,Cillian Murphy,Acteur/Actrice,"Birthplace: Douglas, Cork, Ireland",Age: 46
47,Jude Law,Acteur/Actrice,"Birthplace: Lewisham, London, England, UK",Age: 49
48,Orlando Bloom,Acteur/Actrice,"Birthplace: Canterbury, Kent, England, UK",Age: 45
52,Joel Edgerton,Acteur/Actrice,"Birthplace: Blacktown, Australia",Age: 48
53,Michael Fassbender,Acteur/Actrice,"Birthplace: Heidelberg, Germany",Age: 45
54,Nicholas Hoult,Acteur/Actrice,"Birthplace: Wokingham, United Kingdom",Age: 32
55,Rupert Grint,Acteur/Actrice,"Birthplace: Harlow, United Kingdom",Age: 34
60,Matthew Goode,Acteur/Actrice,"Birthplace: Exeter, Devon, England, UK",Age: 44
62,Will Poulter,Acteur/Actrice,"Birthplace: Hammersmith, London, United Kingdom",Age: 29
63,Richard Armitage,Acteur/Actrice,"Birthplace: Huncote, United Kingdom",Age: 51
65,Joseph Fiennes,Acteur/Actrice,"Birthplace: Salisbury, United Kingdom",Age: 52
66,Liev Schreiber,Acteur/Actrice,"Birthplace: California, United States of America",Age: 55
67,Clive Owen,Acteur/Actrice,"Birthplace: Keresley, United Kingdom",Age: 58
0,Ben Affleck,Realisateur,"Birthplace: Berkeley, California, USA",08-15-1972
2,Ben Affleck,Acteur/Actrice,"Birthplace: Berkeley, California, USA",08-15-1972
6,Bradley Cooper,Realisateur,"Birthplace: Philadelphia, Pennsylvania, United States of America",01-05-1975
7,Bradley Cooper,Acteur/Actrice,"Birthplace: Philadelphia, Pennsylvania, United States of America",01-05-1975
10,Christian Bale,Acteur/Actrice,"Birthplace: Haverfordwest, United Kingdom",01-30-1974
17,Leonardo DiCaprio,Acteur/Actrice,"Birthplace: Los Angeles, California, United States of America",11-11-1974
26,Matthew McConaughey,Acteur/Actrice,"Birthplace: Uvalde, Texas, United States of America",11-04-1969
31,Brad Pitt,Acteur/Actrice,"Birthplace: Shawnee, Oklahoma, United States of America",12-18-1963
36,Jason Statham,Acteur/Actrice,"Birthplace: Shirebrook, Derbyshire, England",07-26-1967
37,Hugh Jackman,Acteur/Actrice,"Birthplace: Sydney, Australia",10-12-1968
40,Mark Ruffalo,Acteur/Actrice,"Birthplace: Kenosha, Wisconsin, USA",11-22-1967
47,Ryan Gosling,Acteur/Actrice,"Birthplace: London, Canada",11-12-1980
51,Robert Downey Jr.,Acteur/Actrice,"Birthplace: Manhattan, New York City, New York, United States of America",04-04-1965
55,Daniel Craig,Acteur/Actrice,"Birthplace: Chester, England",03-02-1968
59,Johnny Depp,Acteur/Actrice,"Birthplace: Owensboro, Kentucky, United States of America",06-09-1963
62,Colin Farrell,Acteur/Actrice,"Birthplace: Castleknock, Republic of Ireland",05-31-1976
63,George Clooney,Acteur/Actrice,"Birthplace: Lexington, Kentucky, United States of America",05-06-1961
65,Mark Wahlberg,Acteur/Actrice,"Birthplace: Dorchester, Massachusetts, USA",06-05-1971
67,Denzel Washington,Acteur/Actrice,"Birthplace: Mount Vernon, New York, USA",12-28-1954
72,James Marsden,Acteur/Actrice,"Birthplace: Stillwater, Oklahoma, USA",09-18-1973
74,Gerard Butler,Acteur/Actrice,"Birthplace: Paisley, Scotland, UK",1969-11-13
77,Jude Law,Acteur/Actrice,"Birthplace: Lewisham, London, United Kingdom",12-29-1972
78,Aaron Eckhart,Acteur/Actrice,"Birthplace: Cupertino, California, United States of America",03-12-1968
79,Orlando Bloom,Acteur/Actrice,"Birthplace: Canterbury, Kent, England, UK",01-13-1977
83,Michael Fassbender,Acteur/Actrice,"Birthplace: Heidelberg, Germany",04-02-1977
84,Oscar Isaac,Acteur/Actrice,"Birthplace: Guatemala City, Guatemala",03-09-1979
86,Paul Rudd,Acteur/Actrice,"Birthplace: Passaic, New Jersey, USA",04-06-1969
87,Jeremy Renner,Acteur/Actrice,"Birthplace: Modesto, California, USA",01-07-1971
0,Clint Eastwood,Realisateur, ,Age: 92
5,Clint Eastwood,Acteur/Actrice, ,Age: 92
11,Bradley Cooper,Realisateur, ,Age: 47
12,Bradley Cooper,Acteur/Actrice, ,Age: 47
15,Christian Bale,Acteur/Actrice, ,Age: 48
22,Leonardo DiCaprio,Acteur/Actrice, ,Age: 48
31,Matthew McConaughey,Acteur/Actrice, ,Age: 53
36,Joaquin Phoenix,Acteur/Actrice, ,Age: 48
40,Brad Pitt,Acteur/Actrice, ,Age: 58
45,Tom Hardy,Acteur/Actrice, ,Age: 45
48,Tom Hanks,Acteur/Actrice, ,Age: 66
55,Hugh Jackman,Acteur/Actrice, ,Age: 54
58,Matt Damon,Acteur/Actrice, ,Age: 52
64,Willem Dafoe,Acteur/Actrice, ,Age: 67
66,Ryan Gosling,Acteur/Actrice, ,Age: 42
70,Benedict Cumberbatch,Acteur/Actrice, ,Age: 46
72,Chris Pratt,Acteur/Actrice, ,Age: 43
74,Harrison Ford,Acteur/Actrice, ,Age: 80
75,Ryan Reynolds,Acteur/Actrice, ,Age: 46
77,Robert Downey Jr.,Acteur/Actrice, ,Age: 57
81,Johnny Depp,Acteur/Actrice, ,Age: 59
84,Ewan McGregor,Acteur/Actrice, ,Age: 51
85,Jake Gyllenhaal,Acteur/Actrice, ,Age: 41
90,Bryan Cranston,Acteur/Actrice, ,Age: 66
92,Chris Hemsworth,Acteur/Actrice, ,Age: 39
94,Patrick Stewart,Acteur/Actrice, ,Age: 82
95,Robert De Niro,Acteur/Actrice, ,Age: 79
97,Samuel L. Jackson,Acteur/Actrice, ,Age: 73
100,Ian McKellen,Acteur/Actrice, ,Age: 83
103,Liam Neeson,Acteur/Actrice, ,Age: 70
106,Denzel Washington,Acteur/Actrice, ,Age: 67
111,Anthony Hopkins,Acteur/Actrice, ,Age: 84
112,Michael Keaton,Acteur/Actrice, ,Age: 71
113,Jeff Bridges,Acteur/Actrice, ,Age: 72
117,James McAvoy,Acteur/Actrice, ,Age: 43
120,Chris Evans,Acteur/Actrice, ,Age: 41
122,Gary Oldman,Acteur/Actrice, ,Age: 64
124,Morgan Freeman,Acteur/Actrice, ,Age: 85
127,Edward Norton,Acteur/Actrice, ,Age: 53
131,Peter Dinklage,Acteur/Actrice, ,Age: 53
132,J.K. Simmons,Acteur/Actrice, ,Age: 67
134,Woody Harrelson,Acteur/Actrice, ,Age: 61
136,Michael Caine,Acteur/Actrice, ,Age: 89
140,Paul Rudd,Acteur/Actrice, ,Age: 53
141,Donald Sutherland,Acteur/Actrice, ,Age: 87
0,Christopher Nolan,Realisateur, , 
1,Peter Jackson,Realisateur, , 
5,Thomas Kail,Realisateur, , 
6,Bong Joon Ho,Realisateur, , 
7,Sudha Kongara,Realisateur, , 
9,Fernando Meirelles,Realisateur, , 
10,Hayao Miyazaki,Realisateur, , 
11,Todd Phillips,Realisateur, , 
12,Damien Chazelle,Realisateur, , 
13,Olivier Nakache,Realisateur, , 
15,Martin Scorsese,Realisateur, , 
16,Roman Polanski,Realisateur, , 
17,Ridley Scott,Realisateur, , 
18,Nadine Labaki,Realisateur, , 
19,Can Ulkay,Realisateur, , 
20,Gayatri,Realisateur, , 
21,Makoto Shinkai,Realisateur, , 
22,Nitesh Tiwari,Realisateur, , 
23,Bob Persichetti,Realisateur, , 
24,Anthony Russo,Realisateur, , 
26,Lee Unkrich,Realisateur, , 
27,Quentin Tarantino,Realisateur, , 
29,Rajkumar Hirani,Realisateur, , 
30,Aamir Khan,Realisateur, , 
31,Andrew Stanton,Realisateur, , 
32,Florian Henckel von Donnersmarck,Realisateur, , 
33,Chan-wook Park,Realisateur, , 
35,Sam Mendes,Realisateur, , 
36,Rahi Anil Barve,Realisateur, , 
37,Sriram Raghavan,Realisateur, , 
38,Jeethu Joseph,Realisateur, , 
39,Thomas Vinterberg,Realisateur, , 
40,Asghar Farhadi,Realisateur, , 
41,Denis Villeneuve,Realisateur, , 
42,Mehmet Ada Öztekin,Realisateur, , 
43,Çagan Irmak,Realisateur, , 
45,Michel Gondry,Realisateur, , 
46,Jean-Pierre Jeunet,Realisateur, , 
47,Guy Ritchie,Realisateur, , 
48,Darren Aronofsky,Realisateur, , 
50,Aditya Dhar,Realisateur, , 
51,Prashanth Neel,Realisateur, , 
52,Peter Farrelly,Realisateur, , 
53,Martin McDonagh,Realisateur, , 
54,Meghna Gulzar,Realisateur, , 
55,S.S. Rajamouli,Realisateur, , 
56,Sergio Pablos,Realisateur, , 
57,Nishikant Kamat,Realisateur, , 
58,Vikas Bahl,Realisateur, , 
59,Zaza Urushadze,Realisateur, , 
60,Rakeysh Omprakash Mehra,Realisateur, , 
61,Anurag Kashyap,Realisateur, , 
62,Vikramaditya Motwane,Realisateur, , 
63,Tigmanshu Dhulia,Realisateur, , 
64,Juan José Campanella,Realisateur, , 
65,Gavin O'Connor,Realisateur, , 
67,Pete Docter,Realisateur, , 
69,Shimit Amin,Realisateur, , 
70,Paul Thomas Anderson,Realisateur, , 
71,Guillermo del Toro,Realisateur, , 
73,James McTeigue,Realisateur, , 
75,Sanjay Leela Bhansali,Realisateur, , 
77,Ashutosh Gowariker,Realisateur, , 
78,Oliver Hirschbiegel,Realisateur, , 
80,Ron Howard,Realisateur, , 
81,Priyadarshan,Realisateur, , 
82,Céline Sciamma,Realisateur, , 
83,Aniruddha Roy Chowdhury,Realisateur, , 
84,Naoko Yamada,Realisateur, , 
85,Oriol Paulo,Realisateur, , 
87,Xavier Dolan,Realisateur, , 
88,Vishal Bhardwaj,Realisateur, , 
89,James Mangold,Realisateur, , 
90,Lenny Abrahamson,Realisateur, , 
91,Damián Szifron,Realisateur, , 
93,Nuri Bilge Ceylan,Realisateur, , 
95,Umesh Shukla,Realisateur, , 
96,Wes Anderson,Realisateur, , 
97,David Fincher,Realisateur, , 
98,Mamoru Hosoda,Realisateur, , 
99,Mel Gibson,Realisateur, , 
101,Anurag Basu,Realisateur, , 
102,Steve McQueen,Realisateur, , 
105,Tom McCarthy,Realisateur, , 
106,Tomm Moore,Realisateur, , 
107,Sujoy Ghosh,Realisateur, , 
108,Zoya Akhtar,Realisateur, , 
110,George Miller,Realisateur, , 
111,Neeraj Pandey,Realisateur, , 
113,David Yates,Realisateur, , 
114,Yôjirô Takita,Realisateur, , 
115,Lasse Hallström,Realisateur, , 
116,Adam Elliot,Realisateur, , 
117,Dean DeBlois,Realisateur, , 
118,Sean Penn,Realisateur, , 
119,Ethan Coen,Realisateur, , 
122,Terry George,Realisateur, , 
123,Je-kyu Kang,Realisateur, , 
124,Richard Linklater,Realisateur, , 
127,Farhan Akhtar,Realisateur, , 
130,Steven Spielberg,Realisateur, , 
131,Alejandro G. Iñárritu,Realisateur, , 
134,Kar-Wai Wong,Realisateur, , 
135,Amit Ravindernath Sharma,Realisateur, , 
136,Ericson Core,Realisateur, , 
137,Raja Menon,Realisateur, , 
138,Kabir Khan,Realisateur, , 
141,Garth Davis,Realisateur, , 
143,Byron Howard,Realisateur, , 
145,Isao Takahata,Realisateur, , 
146,Stephen Chbosky,Realisateur, , 
149,Destin Daniel Cretton,Realisateur, , 
150,Gareth Evans,Realisateur, , 
151,Morten Tyldum,Realisateur, , 
152,James Gunn,Realisateur, , 
154,Spike Jonze,Realisateur, , 
155,Bryan Singer,Realisateur, , 
158,José Padilha,Realisateur, , 
159,Tom Hooper,Realisateur, , 
160,Tate Taylor,Realisateur, , 
161,Tim Miller,Realisateur, , 
164,Wilson Yip,Realisateur, , 
165,Karan Johar,Realisateur, , 
166,Levent Semerci,Realisateur, , 
167,Danny Boyle,Realisateur, , 
170,Joss Whedon,Realisateur, , 
171,Vincent Paronnaud,Realisateur, , 
172,Jean-Marc Vallée,Realisateur, , 
173,Gabriele Muccino,Realisateur, , 
174,Edward Zwick,Realisateur, , 
175,Paul Greengrass,Realisateur, , 
176,Ki-duk Kim,Realisateur, , 
177,Frank Miller,Realisateur, , 
178,Julian Schnabel,Realisateur, , 
179,Ömer Faruk Sorak,Realisateur, , 
180,Brad Bird,Realisateur, , 
181,Martin Campbell,Realisateur, , 
183,Andrey Zvyagintsev,Realisateur, , 
185,Alejandro Amenábar,Realisateur, , 
187,Nikkhil Advani,Realisateur, , 
188,Andrew Lau,Realisateur, , 
189,Gore Verbinski,Realisateur, , 
190,Tim Burton,Realisateur, , 
192,Jae-young Kwak,Realisateur, , 
193,Lars von Trier,Realisateur, , 
194,Yilmaz Erdogan,Realisateur, , 
195,Richard Kelly,Realisateur, , 
197,Rian Johnson,Realisateur, , 
198,Mukesh Chhabra,Realisateur, , 
199,Hirokazu Koreeda,Realisateur, , 
200,Noah Baumbach,Realisateur, , 
201,Luca Guadagnino,Realisateur, , 
202,Ken Loach,Realisateur, , 
204,Taika Waititi,Realisateur, , 
205,Matt Ross,Realisateur, , 
206,John Carney,Realisateur, , 
208,Dan Gilroy,Realisateur, , 
211,J.J. Abrams,Realisateur, , 
215,Michel Hazanavicius,Realisateur, , 
216,Doug Liman,Realisateur, , 
217,Michael Haneke,Realisateur, , 
219,Jacques Audiard,Realisateur, , 
220,Duncan Jones,Realisateur, , 
221,Tomas Alfredson,Realisateur, , 
222,Neill Blomkamp,Realisateur, , 
224,Imtiaz Ali,Realisateur, , 
226,Cristian Mungiu,Realisateur, , 
229,Richard Schenkman,Realisateur, , 
231,Tarsem Singh,Realisateur, , 
232,Ang Lee,Realisateur, , 
235,Christophe Barratier,Realisateur, , 
236,Jon Favreau,Realisateur, , 
237,Edgar Wright,Realisateur, , 
238,Fatih Akin,Realisateur, , 
240,Alfonso Cuarón,Realisateur, , 
241,Yimou Zhang,Realisateur, , 
242,Pedro Almodóvar,Realisateur, , 
243,Danis Tanovic,Realisateur, , 
244,Shin'ichirô Watanabe,Realisateur, , 
246,Fabián Bielinsky,Realisateur, , 
248,Cameron Crowe,Realisateur, , 
249,David Lynch,Realisateur, , 
252,Darius Marder,Realisateur, , 
255,Paolo Genovese,Realisateur, , 
256,Theodore Melfi,Realisateur, , 
257,Paul King,Realisateur, , 
258,Abhishek Chaubey,Realisateur, , 
259,Travis Knight,Realisateur, , 
261,Kenneth Lonergan,Realisateur, , 
262,Martin Zandvliet,Realisateur, , 
263,Gareth Edwards,Realisateur, , 
266,Greta Gerwig,Realisateur, , 
267,Dorota Kobiela,Realisateur, , 
268,Matthew Warchus,Realisateur, , 
270,Paolo Sorrentino,Realisateur, , 
271,Ritesh Batra,Realisateur, , 
272,Shoojit Sircar,Realisateur, , 
273,Don Hall,Realisateur, , 
274,Richard Curtis,Realisateur, , 
275,Gauri Shinde,Realisateur, , 
277,Josh Cooley,Realisateur, , 
278,Giuseppe Tornatore,Realisateur, , 
281,Adam McKay,Realisateur, , 
282,Tetsuya Nakashima,Realisateur, , 
283,Jee-woon Kim,Realisateur, , 
286,Jeong-beom Lee,Realisateur, , 
287,F. Gary Gray,Realisateur, , 
289,Hong-jin Na,Realisateur, , 
292,Niels Arden Oplev,Realisateur, , 
293,Aaron Sorkin,Realisateur, , 
295,David O. Russell,Realisateur, , 
296,Pierre Morel,Realisateur, , 
297,Mark Herman,Realisateur, , 
301,Joe Wright,Realisateur, , 
302,Nicolas Winding Refn,Realisateur, , 
304,James Cameron,Realisateur, , 
305,Jaco Van Dormael,Realisateur, , 
307,Jonathan Dayton,Realisateur, , 
310,Yash Chopra,Realisateur, , 
311,Anders Thomas Jensen,Realisateur, , 
313,Roger Donaldson,Realisateur, , 
314,Satoshi Kon,Realisateur, , 
317,Mikael Håfström,Realisateur, , 
318,Nick Cassavetes,Realisateur, , 
319,Walter Salles,Realisateur, , 
320,Lukas Moodysson,Realisateur, , 
321,Sylvain Chomet,Realisateur, , 
323,Kevin Reynolds,Realisateur, , 
325,Boaz Yakin,Realisateur, , 
327,Robert Zemeckis,Realisateur, , 
328,Andrew Adamson,Realisateur, , 
330,Francis Lee,Realisateur, , 
331,David Leitch,Realisateur, , 
332,Taylor Sheridan,Realisateur, , 
333,Jordan Peele,Realisateur, , 
334,Christopher McQuarrie,Realisateur, , 
335,Hannes Holm,Realisateur, , 
336,Jemaine Clement,Realisateur, , 
337,James Simone,Realisateur, , 
338,James Marsh,Realisateur, , 
339,Matthew Vaughn,Realisateur, , 
340,Josh Boone,Realisateur, , 
341,Alfonso Gomez-Rejon,Realisateur, , 
343,Abdellatif Kechiche,Realisateur, , 
344,Abhishek Kapoor,Realisateur, , 
345,Felix van Groeningen,Realisateur, , 
348,Alexander Payne,Realisateur, , 
349,Rich Moore,Realisateur, , 
350,Mark Osborne,Realisateur, , 
351,Tony Kaye,Realisateur, , 
352,Woody Allen,Realisateur, , 
353,Christopher Miller,Realisateur, , 
356,Cary Joji Fukunaga,Realisateur, , 
362,Ben Affleck,Realisateur, , 
363,Marc Webb,Realisateur, , 
369,Rob Reiner,Realisateur, , 
371,Shûsuke Kaneko,Realisateur, , 
372,Shane Meadows,Realisateur, , 
373,Alex Garland,Realisateur, , 
374,Susanne Bier,Realisateur, , 
375,Kevin Macdonald,Realisateur, , 
377,Paul McGuigan,Realisateur, , 
378,Christian Carion,Realisateur, , 
379,Anton Corbijn,Realisateur, , 
380,Nathan Greno,Realisateur, , 
381,Paul Verhoeven,Realisateur, , 
384,Paul Haggis,Realisateur, , 
385,Stephen Chow,Realisateur, , 
387,Brad Anderson,Realisateur, , 
388,Taylor Hackford,Realisateur, , 
389,Sofia Coppola,Realisateur, , 
390,Mike Newell,Realisateur, , 
391,Tony Scott,Realisateur, , 
392,Henry Selick,Realisateur, , 
394,Peter Mullan,Realisateur, , 
395,Wolfgang Becker,Realisateur, , 
396,Jim Sheridan,Realisateur, , 
397,Jessie Nelson,Realisateur, , 
402,Stephen Daldry,Realisateur, , 
403,John Cameron Mitchell,Realisateur, , 
404,Steven Soderbergh,Realisateur, , 
405,Yoshiaki Kawajiri,Realisateur, , 
406,Joel Coen,Realisateur, , 
407,Bob Gale,Realisateur, , 
408,Antoine Fuqua,Realisateur, , 
409,Todd Haynes,Realisateur, , 
410,Aneesh Chaganty,Realisateur, , 
413,Sean Baker,Realisateur, , 
416,Tyler Nilson,Realisateur, , 
417,Sebastian Schipper,Realisateur, , 
418,Deniz Gamze Ergüven,Realisateur, , 
421,Joseph Kosinski,Realisateur, , 
424,Ron Clements,Realisateur, , 
426,Ryan Coogler,Realisateur, , 
428,David Mackenzie,Realisateur, , 
429,Stephen Frears,Realisateur, , 
430,Matt Reeves,Realisateur, , 
433,David Ayer,Realisateur, , 
434,Hiromasa Yonebayashi,Realisateur, , 
435,Bradley Cooper,Realisateur, , 
438,Pierre Coffin,Realisateur, , 
439,Jonathan Levine,Realisateur, , 
441,Daniel Monzón,Realisateur, , 
442,Bennett Miller,Realisateur, , 
444,Ruben Fleischer,Realisateur, , 
445,Dennis Gansel,Realisateur, , 
447,John Lee Hancock,Realisateur, , 
450,David Cronenberg,Realisateur, , 
453,Spike Lee,Realisateur, , 
455,Olivier Dahan,Realisateur, , 
456,Ronny Yu,Realisateur, , 
457,Neil Burger,Realisateur, , 
460,Zack Snyder,Realisateur, , 
463,Andrew Niccol,Realisateur, , 
464,James Wan,Realisateur, , 
465,Charlie Kaufman,Realisateur, , 
466,Gregg Araki,Realisateur, , 
467,Yann Samuell,Realisateur, , 
472,Marc Forster,Realisateur, , 
474,Eric Bress,Realisateur, , 
476,Kinji Fukasaku,Realisateur, , 
479,Chris Columbus,Realisateur, , 
481,Ted Demme,Realisateur, , 
482,Jean-Jacques Annaud,Realisateur, , 
484,Mary Harron,Realisateur, , 
0,Christopher Nolan,Acteur/Actrice, , 
1,Peter Jackson,Acteur/Actrice, , 
5,Thomas Kail,Acteur/Actrice, , 
6,Bong Joon Ho,Acteur/Actrice, , 
7,Sudha Kongara,Acteur/Actrice, , 
9,Fernando Meirelles,Acteur/Actrice, , 
10,Hayao Miyazaki,Acteur/Actrice, , 
11,Todd Phillips,Acteur/Actrice, , 
12,Damien Chazelle,Acteur/Actrice, , 
13,Olivier Nakache,Acteur/Actrice, , 
15,Martin Scorsese,Acteur/Actrice, , 
16,Roman Polanski,Acteur/Actrice, , 
17,Ridley Scott,Acteur/Actrice, , 
18,Nadine Labaki,Acteur/Actrice, , 
19,Can Ulkay,Acteur/Actrice, , 
20,Gayatri,Acteur/Actrice, , 
21,Makoto Shinkai,Acteur/Actrice, , 
22,Nitesh Tiwari,Acteur/Actrice, , 
23,Bob Persichetti,Acteur/Actrice, , 
24,Anthony Russo,Acteur/Actrice, , 
26,Lee Unkrich,Acteur/Actrice, , 
27,Quentin Tarantino,Acteur/Actrice, , 
29,Rajkumar Hirani,Acteur/Actrice, , 
30,Aamir Khan,Acteur/Actrice, , 
31,Andrew Stanton,Acteur/Actrice, , 
32,Florian Henckel von Donnersmarck,Acteur/Actrice, , 
33,Chan-wook Park,Acteur/Actrice, , 
35,Sam Mendes,Acteur/Actrice, , 
36,Rahi Anil Barve,Acteur/Actrice, , 
37,Sriram Raghavan,Acteur/Actrice, , 
38,Jeethu Joseph,Acteur/Actrice, , 
39,Thomas Vinterberg,Acteur/Actrice, , 
40,Asghar Farhadi,Acteur/Actrice, , 
41,Denis Villeneuve,Acteur/Actrice, , 
42,Mehmet Ada Öztekin,Acteur/Actrice, , 
43,Çagan Irmak,Acteur/Actrice, , 
45,Michel Gondry,Acteur/Actrice, , 
46,Jean-Pierre Jeunet,Acteur/Actrice, , 
47,Guy Ritchie,Acteur/Actrice, , 
48,Darren Aronofsky,Acteur/Actrice, , 
50,Aditya Dhar,Acteur/Actrice, , 
51,Prashanth Neel,Acteur/Actrice, , 
52,Peter Farrelly,Acteur/Actrice, , 
53,Martin McDonagh,Acteur/Actrice, , 
54,Meghna Gulzar,Acteur/Actrice, , 
55,S.S. Rajamouli,Acteur/Actrice, , 
56,Sergio Pablos,Acteur/Actrice, , 
57,Nishikant Kamat,Acteur/Actrice, , 
58,Vikas Bahl,Acteur/Actrice, , 
59,Zaza Urushadze,Acteur/Actrice, , 
60,Rakeysh Omprakash Mehra,Acteur/Actrice, , 
61,Anurag Kashyap,Acteur/Actrice, , 
62,Vikramaditya Motwane,Acteur/Actrice, , 
63,Tigmanshu Dhulia,Acteur/Actrice, , 
64,Juan José Campanella,Acteur/Actrice, , 
65,Gavin O'Connor,Acteur/Actrice, , 
67,Pete Docter,Acteur/Actrice, , 
69,Shimit Amin,Acteur/Actrice, , 
70,Paul Thomas Anderson,Acteur/Actrice, , 
71,Guillermo del Toro,Acteur/Actrice, , 
73,James McTeigue,Acteur/Actrice, , 
75,Sanjay Leela Bhansali,Acteur/Actrice, , 
77,Ashutosh Gowariker,Acteur/Actrice, , 
78,Oliver Hirschbiegel,Acteur/Actrice, , 
80,Ron Howard,Acteur/Actrice, , 
81,Priyadarshan,Acteur/Actrice, , 
82,Céline Sciamma,Acteur/Actrice, , 
83,Aniruddha Roy Chowdhury,Acteur/Actrice, , 
84,Naoko Yamada,Acteur/Actrice, , 
85,Oriol Paulo,Acteur/Actrice, , 
87,Xavier Dolan,Acteur/Actrice, , 
88,Vishal Bhardwaj,Acteur/Actrice, , 
89,James Mangold,Acteur/Actrice, , 
90,Lenny Abrahamson,Acteur/Actrice, , 
91,Damián Szifron,Acteur/Actrice, , 
93,Nuri Bilge Ceylan,Acteur/Actrice, , 
95,Umesh Shukla,Acteur/Actrice, , 
96,Wes Anderson,Acteur/Actrice, , 
97,David Fincher,Acteur/Actrice, , 
98,Mamoru Hosoda,Acteur/Actrice, , 
99,Mel Gibson,Acteur/Actrice, , 
101,Anurag Basu,Acteur/Actrice, , 
102,Steve McQueen,Acteur/Actrice, , 
105,Tom McCarthy,Acteur/Actrice, , 
106,Tomm Moore,Acteur/Actrice, , 
107,Sujoy Ghosh,Acteur/Actrice, , 
108,Zoya Akhtar,Acteur/Actrice, , 
110,George Miller,Acteur/Actrice, , 
111,Neeraj Pandey,Acteur/Actrice, , 
113,David Yates,Acteur/Actrice, , 
114,Yôjirô Takita,Acteur/Actrice, , 
115,Lasse Hallström,Acteur/Actrice, , 
116,Adam Elliot,Acteur/Actrice, , 
117,Dean DeBlois,Acteur/Actrice, , 
118,Sean Penn,Acteur/Actrice, , 
119,Ethan Coen,Acteur/Actrice, , 
122,Terry George,Acteur/Actrice, , 
123,Je-kyu Kang,Acteur/Actrice, , 
124,Richard Linklater,Acteur/Actrice, , 
127,Farhan Akhtar,Acteur/Actrice, , 
130,Steven Spielberg,Acteur/Actrice, , 
131,Alejandro G. Iñárritu,Acteur/Actrice, , 
134,Kar-Wai Wong,Acteur/Actrice, , 
135,Amit Ravindernath Sharma,Acteur/Actrice, , 
136,Ericson Core,Acteur/Actrice, , 
137,Raja Menon,Acteur/Actrice, , 
138,Kabir Khan,Acteur/Actrice, , 
141,Garth Davis,Acteur/Actrice, , 
143,Byron Howard,Acteur/Actrice, , 
145,Isao Takahata,Acteur/Actrice, , 
146,Stephen Chbosky,Acteur/Actrice, , 
149,Destin Daniel Cretton,Acteur/Actrice, , 
150,Gareth Evans,Acteur/Actrice, , 
151,Morten Tyldum,Acteur/Actrice, , 
152,James Gunn,Acteur/Actrice, , 
154,Spike Jonze,Acteur/Actrice, , 
155,Bryan Singer,Acteur/Actrice, , 
158,José Padilha,Acteur/Actrice, , 
159,Tom Hooper,Acteur/Actrice, , 
160,Tate Taylor,Acteur/Actrice, , 
161,Tim Miller,Acteur/Actrice, , 
164,Wilson Yip,Acteur/Actrice, , 
165,Karan Johar,Acteur/Actrice, , 
166,Levent Semerci,Acteur/Actrice, , 
167,Danny Boyle,Acteur/Actrice, , 
170,Joss Whedon,Acteur/Actrice, , 
171,Vincent Paronnaud,Acteur/Actrice, , 
172,Jean-Marc Vallée,Acteur/Actrice, , 
173,Gabriele Muccino,Acteur/Actrice, , 
174,Edward Zwick,Acteur/Actrice, , 
175,Paul Greengrass,Acteur/Actrice, , 
176,Ki-duk Kim,Acteur/Actrice, , 
177,Frank Miller,Acteur/Actrice, , 
178,Julian Schnabel,Acteur/Actrice, , 
179,Ömer Faruk Sorak,Acteur/Actrice, , 
180,Brad Bird,Acteur/Actrice, , 
181,Martin Campbell,Acteur/Actrice, , 
183,Andrey Zvyagintsev,Acteur/Actrice, , 
185,Alejandro Amenábar,Acteur/Actrice, , 
187,Nikkhil Advani,Acteur/Actrice, , 
188,Andrew Lau,Acteur/Actrice, , 
189,Gore Verbinski,Acteur/Actrice, , 
190,Tim Burton,Acteur/Actrice, , 
192,Jae-young Kwak,Acteur/Actrice, , 
193,Lars von Trier,Acteur/Actrice, , 
194,Yilmaz Erdogan,Acteur/Actrice, , 
195,Richard Kelly,Acteur/Actrice, , 
197,Rian Johnson,Acteur/Actrice, , 
198,Mukesh Chhabra,Acteur/Actrice, , 
199,Hirokazu Koreeda,Acteur/Actrice, , 
200,Noah Baumbach,Acteur/Actrice, , 
201,Luca Guadagnino,Acteur/Actrice, , 
202,Ken Loach,Acteur/Actrice, , 
204,Taika Waititi,Acteur/Actrice, , 
205,Matt Ross,Acteur/Actrice, , 
206,John Carney,Acteur/Actrice, , 
208,Dan Gilroy,Acteur/Actrice, , 
211,J.J. Abrams,Acteur/Actrice, , 
215,Michel Hazanavicius,Acteur/Actrice, , 
216,Doug Liman,Acteur/Actrice, , 
217,Michael Haneke,Acteur/Actrice, , 
219,Jacques Audiard,Acteur/Actrice, , 
220,Duncan Jones,Acteur/Actrice, , 
221,Tomas Alfredson,Acteur/Actrice, , 
222,Neill Blomkamp,Acteur/Actrice, , 
224,Imtiaz Ali,Acteur/Actrice, , 
226,Cristian Mungiu,Acteur/Actrice, , 
229,Richard Schenkman,Acteur/Actrice, , 
231,Tarsem Singh,Acteur/Actrice, , 
232,Ang Lee,Acteur/Actrice, , 
235,Christophe Barratier,Acteur/Actrice, , 
236,Jon Favreau,Acteur/Actrice, , 
237,Edgar Wright,Acteur/Actrice, , 
238,Fatih Akin,Acteur/Actrice, , 
240,Alfonso Cuarón,Acteur/Actrice, , 
241,Yimou Zhang,Acteur/Actrice, , 
242,Pedro Almodóvar,Acteur/Actrice, , 
243,Danis Tanovic,Acteur/Actrice, , 
244,Shin'ichirô Watanabe,Acteur/Actrice, , 
246,Fabián Bielinsky,Acteur/Actrice, , 
248,Cameron Crowe,Acteur/Actrice, , 
249,David Lynch,Acteur/Actrice, , 
252,Darius Marder,Acteur/Actrice, , 
255,Paolo Genovese,Acteur/Actrice, , 
256,Theodore Melfi,Acteur/Actrice, , 
257,Paul King,Acteur/Actrice, , 
258,Abhishek Chaubey,Acteur/Actrice, , 
259,Travis Knight,Acteur/Actrice, , 
261,Kenneth Lonergan,Acteur/Actrice, , 
262,Martin Zandvliet,Acteur/Actrice, , 
263,Gareth Edwards,Acteur/Actrice, , 
266,Greta Gerwig,Acteur/Actrice, , 
267,Dorota Kobiela,Acteur/Actrice, , 
268,Matthew Warchus,Acteur/Actrice, , 
270,Paolo Sorrentino,Acteur/Actrice, , 
271,Ritesh Batra,Acteur/Actrice, , 
272,Shoojit Sircar,Acteur/Actrice, , 
273,Don Hall,Acteur/Actrice, , 
274,Richard Curtis,Acteur/Actrice, , 
275,Gauri Shinde,Acteur/Actrice, , 
277,Josh Cooley,Acteur/Actrice, , 
278,Giuseppe Tornatore,Acteur/Actrice, , 
281,Adam McKay,Acteur/Actrice, , 
282,Tetsuya Nakashima,Acteur/Actrice, , 
283,Jee-woon Kim,Acteur/Actrice, , 
286,Jeong-beom Lee,Acteur/Actrice, , 
287,F. Gary Gray,Acteur/Actrice, , 
289,Hong-jin Na,Acteur/Actrice, , 
292,Niels Arden Oplev,Acteur/Actrice, , 
293,Aaron Sorkin,Acteur/Actrice, , 
295,David O. Russell,Acteur/Actrice, , 
296,Pierre Morel,Acteur/Actrice, , 
297,Mark Herman,Acteur/Actrice, , 
301,Joe Wright,Acteur/Actrice, , 
302,Nicolas Winding Refn,Acteur/Actrice, , 
304,James Cameron,Acteur/Actrice, , 
305,Jaco Van Dormael,Acteur/Actrice, , 
307,Jonathan Dayton,Acteur/Actrice, , 
310,Yash Chopra,Acteur/Actrice, , 
311,Anders Thomas Jensen,Acteur/Actrice, , 
313,Roger Donaldson,Acteur/Actrice, , 
314,Satoshi Kon,Acteur/Actrice, , 
317,Mikael Håfström,Acteur/Actrice, , 
318,Nick Cassavetes,Acteur/Actrice, , 
319,Walter Salles,Acteur/Actrice, , 
320,Lukas Moodysson,Acteur/Actrice, , 
321,Sylvain Chomet,Acteur/Actrice, , 
323,Kevin Reynolds,Acteur/Actrice, , 
325,Boaz Yakin,Acteur/Actrice, , 
327,Robert Zemeckis,Acteur/Actrice, , 
328,Andrew Adamson,Acteur/Actrice, , 
330,Francis Lee,Acteur/Actrice, , 
331,David Leitch,Acteur/Actrice, , 
332,Taylor Sheridan,Acteur/Actrice, , 
333,Jordan Peele,Acteur/Actrice, , 
334,Christopher McQuarrie,Acteur/Actrice, , 
335,Hannes Holm,Acteur/Actrice, , 
336,Jemaine Clement,Acteur/Actrice, , 
337,James Simone,Acteur/Actrice, , 
338,James Marsh,Acteur/Actrice, , 
339,Matthew Vaughn,Acteur/Actrice, , 
340,Josh Boone,Acteur/Actrice, , 
341,Alfonso Gomez-Rejon,Acteur/Actrice, , 
343,Abdellatif Kechiche,Acteur/Actrice, , 
344,Abhishek Kapoor,Acteur/Actrice, , 
345,Felix van Groeningen,Acteur/Actrice, , 
348,Alexander Payne,Acteur/Actrice, , 
349,Rich Moore,Acteur/Actrice, , 
350,Mark Osborne,Acteur/Actrice, , 
351,Tony Kaye,Acteur/Actrice, , 
352,Woody Allen,Acteur/Actrice, , 
353,Christopher Miller,Acteur/Actrice, , 
356,Cary Joji Fukunaga,Acteur/Actrice, , 
362,Ben Affleck,Acteur/Actrice, , 
363,Marc Webb,Acteur/Actrice, , 
369,Rob Reiner,Acteur/Actrice, , 
371,Shûsuke Kaneko,Acteur/Actrice, , 
372,Shane Meadows,Acteur/Actrice, , 
373,Alex Garland,Acteur/Actrice, , 
374,Susanne Bier,Acteur/Actrice, , 
375,Kevin Macdonald,Acteur/Actrice, , 
377,Paul McGuigan,Acteur/Actrice, , 
378,Christian Carion,Acteur/Actrice, , 
379,Anton Corbijn,Acteur/Actrice, , 
380,Nathan Greno,Acteur/Actrice, , 
381,Paul Verhoeven,Acteur/Actrice, , 
384,Paul Haggis,Acteur/Actrice, , 
385,Stephen Chow,Acteur/Actrice, , 
387,Brad Anderson,Acteur/Actrice, , 
388,Taylor Hackford,Acteur/Actrice, , 
389,Sofia Coppola,Acteur/Actrice, , 
390,Mike Newell,Acteur/Actrice, , 
391,Tony Scott,Acteur/Actrice, , 
392,Henry Selick,Acteur/Actrice, , 
394,Peter Mullan,Acteur/Actrice, , 
395,Wolfgang Becker,Acteur/Actrice, , 
396,Jim Sheridan,Acteur/Actrice, , 
397,Jessie Nelson,Acteur/Actrice, , 
402,Stephen Daldry,Acteur/Actrice, , 
403,John Cameron Mitchell,Acteur/Actrice, , 
404,Steven Soderbergh,Acteur/Actrice, , 
405,Yoshiaki Kawajiri,Acteur/Actrice, , 
406,Joel Coen,Acteur/Actrice, , 
407,Bob Gale,Acteur/Actrice, , 
408,Antoine Fuqua,Acteur/Actrice, , 
409,Todd Haynes,Acteur/Actrice, , 
410,Aneesh Chaganty,Acteur/Actrice, , 
413,Sean Baker,Acteur/Actrice, , 
416,Tyler Nilson,Acteur/Actrice, , 
417,Sebastian Schipper,Acteur/Actrice, , 
418,Deniz Gamze Ergüven,Acteur/Actrice, , 
421,Joseph Kosinski,Acteur/Actrice, , 
424,Ron Clements,Acteur/Actrice, , 
426,Ryan Coogler,Acteur/Actrice, , 
428,David Mackenzie,Acteur/Actrice, , 
429,Stephen Frears,Acteur/Actrice, , 
430,Matt Reeves,Acteur/Actrice, , 
433,David Ayer,Acteur/Actrice, , 
434,Hiromasa Yonebayashi,Acteur/Actrice, , 
435,Bradley Cooper,Acteur/Actrice, , 
438,Pierre Coffin,Acteur/Actrice, , 
439,Jonathan Levine,Acteur/Actrice, , 
441,Daniel Monzón,Acteur/Actrice, , 
442,Bennett Miller,Acteur/Actrice, , 
444,Ruben Fleischer,Acteur/Actrice, , 
445,Dennis Gansel,Acteur/Actrice, , 
447,John Lee Hancock,Acteur/Actrice, , 
450,David Cronenberg,Acteur/Actrice, , 
453,Spike Lee,Acteur/Actrice, , 
455,Olivier Dahan,Acteur/Actrice, , 
456,Ronny Yu,Acteur/Actrice, , 
457,Neil Burger,Acteur/Actrice, , 
460,Zack Snyder,Acteur/Actrice, , 
463,Andrew Niccol,Acteur/Actrice, , 
464,James Wan,Acteur/Actrice, , 
465,Charlie Kaufman,Acteur/Actrice, , 
466,Gregg Araki,Acteur/Actrice, , 
467,Yann Samuell,Acteur/Actrice, , 
472,Marc Forster,Acteur/Actrice, , 
474,Eric Bress,Acteur/Actrice, , 
476,Kinji Fukasaku,Acteur/Actrice, , 
479,Chris Columbus,Acteur/Actrice, , 
481,Ted Demme,Acteur/Actrice, , 
482,Jean-Jacques Annaud,Acteur/Actrice, , 
484,Mary Harron,Acteur/Actrice, , 
1,Elijah Wood,Acteur/Actrice, , 
5,Lin-Manuel Miranda,Acteur/Actrice, , 
6,Kang-ho Song,Acteur/Actrice, , 
7,Suriya,Acteur/Actrice, , 
9,Kátia Lund,Acteur/Actrice, , 
10,Daveigh Chase,Acteur/Actrice, , 
12,Miles Teller,Acteur/Actrice, , 
13,Éric Toledano,Acteur/Actrice, , 
16,Adrien Brody,Acteur/Actrice, , 
18,Zain Al Rafeea,Acteur/Actrice, , 
19,Erdem Can,Acteur/Actrice, , 
20,Pushkar,Acteur/Actrice, , 
21,Ryûnosuke Kamiki,Acteur/Actrice, , 
23,Peter Ramsey,Acteur/Actrice, , 
24,Joe Russo,Acteur/Actrice, , 
26,Adrian Molina,Acteur/Actrice, , 
27,Jamie Foxx,Acteur/Actrice, , 
30,Amole Gupte,Acteur/Actrice, , 
31,Ben Burtt,Acteur/Actrice, , 
32,Ulrich Mühe,Acteur/Actrice, , 
33,Choi Min-sik,Acteur/Actrice, , 
34,Guy Pearce,Acteur/Actrice, , 
35,Dean-Charles Chapman,Acteur/Actrice, , 
36,Anand Gandhi,Acteur/Actrice, , 
37,Ayushmann Khurrana,Acteur/Actrice, , 
38,Mohanlal,Acteur/Actrice, , 
39,Mads Mikkelsen,Acteur/Actrice, , 
40,Payman Maadi,Acteur/Actrice, , 
41,Lubna Azabal,Acteur/Actrice, , 
42,Aras Bulut Iynemli,Acteur/Actrice, , 
43,Çetin Tekindor,Acteur/Actrice, , 
45,Jim Carrey,Acteur/Actrice, , 
46,Audrey Tautou,Acteur/Actrice, , 
47,Jason Statham,Acteur/Actrice, , 
48,Ellen Burstyn,Acteur/Actrice, , 
49,Sushant Singh Rajput,Acteur/Actrice, , 
50,Vicky Kaushal,Acteur/Actrice, , 
51,Yash,Acteur/Actrice, , 
53,Frances McDormand,Acteur/Actrice, , 
54,Irrfan Khan,Acteur/Actrice, , 
55,Prabhas,Acteur/Actrice, , 
56,Carlos Martínez López,Acteur/Actrice, , 
57,Ajay Devgn,Acteur/Actrice, , 
58,Kangana Ranaut,Acteur/Actrice, , 
59,Lembit Ulfsak,Acteur/Actrice, , 
61,Manoj Bajpayee,Acteur/Actrice, , 
62,Rajat Barmecha,Acteur/Actrice, , 
64,Ricardo Darín,Acteur/Actrice, , 
67,Bob Peterson,Acteur/Actrice, , 
69,Shah Rukh Khan,Acteur/Actrice, , 
70,Daniel Day-Lewis,Acteur/Actrice, , 
71,Ivana Baquero,Acteur/Actrice, , 
73,Hugo Weaving,Acteur/Actrice, , 
75,Amitabh Bachchan,Acteur/Actrice, , 
78,Bruno Ganz,Acteur/Actrice, , 
79,Chieko Baishô,Acteur/Actrice, , 
81,Akshay Kumar,Acteur/Actrice, , 
82,Noémie Merlant,Acteur/Actrice, , 
83,Taapsee Pannu,Acteur/Actrice, , 
84,Miyu Irino,Acteur/Actrice, , 
85,Mario Casas,Acteur/Actrice, , 
86,Kim Min-hee,Acteur/Actrice, , 
87,Anne Dorval,Acteur/Actrice, , 
88,Shahid Kapoor,Acteur/Actrice, , 
90,Brie Larson,Acteur/Actrice, , 
91,Darío Grandinetti,Acteur/Actrice, , 
92,Kemp Powers,Acteur/Actrice, , 
93,Haluk Bilginer,Acteur/Actrice, , 
95,Paresh Rawal,Acteur/Actrice, , 
96,Ralph Fiennes,Acteur/Actrice, , 
98,Aoi Miyazaki,Acteur/Actrice, , 
99,Andrew Garfield,Acteur/Actrice, , 
100,Ronnie Del Carmen,Acteur/Actrice, , 
101,Ranbir Kapoor,Acteur/Actrice, , 
102,Chiwetel Ejiofor,Acteur/Actrice, , 
103,Daniel Brühl,Acteur/Actrice, , 
105,Mark Ruffalo,Acteur/Actrice, , 
106,David Rawle,Acteur/Actrice, , 
107,Vidya Balan,Acteur/Actrice, , 
108,Hrithik Roshan,Acteur/Actrice, , 
111,Anupam Kher,Acteur/Actrice, , 
113,Daniel Radcliffe,Acteur/Actrice, , 
114,Masahiro Motoki,Acteur/Actrice, , 
115,Richard Gere,Acteur/Actrice, , 
116,Toni Collette,Acteur/Actrice, , 
117,Chris Sanders,Acteur/Actrice, , 
118,Emile Hirsch,Acteur/Actrice, , 
120,Sanjay Dutt,Acteur/Actrice, , 
121,Hilary Swank,Acteur/Actrice, , 
122,Don Cheadle,Acteur/Actrice, , 
123,Jang Dong-Gun,Acteur/Actrice, , 
124,Ethan Hawke,Acteur/Actrice, , 
128,Uma Thurman,Acteur/Actrice, , 
131,Emilio Echevarría,Acteur/Actrice, , 
132,David Silverman,Acteur/Actrice, , 
134,Tony Chiu-Wai Leung,Acteur/Actrice, , 
140,Ryan Gosling,Acteur/Actrice, , 
141,Dev Patel,Acteur/Actrice, , 
145,Chloë Grace Moretz,Acteur/Actrice, , 
146,Jacob Tremblay,Acteur/Actrice, , 
147,Vijay Varma,Acteur/Actrice, , 
150,Iko Uwais,Acteur/Actrice, , 
152,Chris Pratt,Acteur/Actrice, , 
155,Rami Malek,Acteur/Actrice, , 
157,Logan Lerman,Acteur/Actrice, , 
158,Wagner Moura,Acteur/Actrice, , 
160,Emma Stone,Acteur/Actrice, , 
162,Golshifteh Farahani,Acteur/Actrice, , 
163,Abhay Deol,Acteur/Actrice, , 
164,Donnie Yen,Acteur/Actrice, , 
167,Loveleen Tandan,Acteur/Actrice, , 
168,Natalie Portman,Acteur/Actrice, , 
171,Marjane Satrapi,Acteur/Actrice, , 
173,Will Smith,Acteur/Actrice, , 
176,Seung-Yun Lee,Acteur/Actrice, , 
178,Laura Obiols,Acteur/Actrice, , 
179,Cem Yilmaz,Acteur/Actrice, , 
180,Jan Pinkava,Acteur/Actrice, , 
181,Daniel Craig,Acteur/Actrice, , 
183,Vladimir Garin,Acteur/Actrice, , 
185,Javier Bardem,Acteur/Actrice, , 
187,Preity Zinta,Acteur/Actrice, , 
188,Alan Mak,Acteur/Actrice, , 
191,Craig T. Nelson,Acteur/Actrice, , 
192,Tae-Hyun Cha,Acteur/Actrice, , 
193,Nicole Kidman,Acteur/Actrice, , 
195,Jake Gyllenhaal,Acteur/Actrice, , 
196,Björk,Acteur/Actrice, , 
199,Lily Franky,Acteur/Actrice, , 
200,Adam Driver,Acteur/Actrice, , 
201,Armie Hammer,Acteur/Actrice, , 
203,Bryan Cranston,Acteur/Actrice, , 
204,Sam Neill,Acteur/Actrice, , 
206,Ferdia Walsh-Peelo,Acteur/Actrice, , 
209,Roman Griffin Davis,Acteur/Actrice, , 
210,Amy Adams,Acteur/Actrice, , 
211,Daisy Ridley,Acteur/Actrice, , 
214,Muhammet Uzuner,Acteur/Actrice, , 
215,Jean Dujardin,Acteur/Actrice, , 
216,Tom Cruise,Acteur/Actrice, , 
217,Jean-Louis Trintignant,Acteur/Actrice, , 
219,Tahar Rahim,Acteur/Actrice, , 
220,Sam Rockwell,Acteur/Actrice, , 
221,Kåre Hedebrant,Acteur/Actrice, , 
222,Sharlto Copley,Acteur/Actrice, , 
223,Mickey Rourke,Acteur/Actrice, , 
225,Ellar Coltrane,Acteur/Actrice, , 
226,Anamaria Marinca,Acteur/Actrice, , 
227,Chris Pine,Acteur/Actrice, , 
228,Colin Farrell,Acteur/Actrice, , 
229,David Lee Smith,Acteur/Actrice, , 
230,Ken Watanabe,Acteur/Actrice, , 
231,Lee Pace,Acteur/Actrice, , 
232,Suraj Sharma,Acteur/Actrice, , 
233,George Clooney,Acteur/Actrice, , 
234,Michel Côté,Acteur/Actrice, , 
235,Gérard Jugnot,Acteur/Actrice, , 
237,Simon Pegg,Acteur/Actrice, , 
238,Birol Ünel,Acteur/Actrice, , 
241,Jet Li,Acteur/Actrice, , 
242,Rosario Flores,Acteur/Actrice, , 
243,Branko Djuric,Acteur/Actrice, , 
244,Tensai Okamura,Acteur/Actrice, , 
245,Franka Potente,Acteur/Actrice, , 
247,Julianne Moore,Acteur/Actrice, , 
248,Billy Crudup,Acteur/Actrice, , 
249,Naomi Watts,Acteur/Actrice, , 
251,Alia Bhatt,Acteur/Actrice, , 
252,Riz Ahmed,Acteur/Actrice, , 
253,Shahab Hosseini,Acteur/Actrice, , 
254,Fionn Whitehead,Acteur/Actrice, , 
255,Giuseppe Battiston,Acteur/Actrice, , 
256,Taraji P. Henson,Acteur/Actrice, , 
257,Ben Whishaw,Acteur/Actrice, , 
259,Charlize Theron,Acteur/Actrice, , 
261,Casey Affleck,Acteur/Actrice, , 
262,Roland Møller,Acteur/Actrice, , 
263,Felicity Jones,Acteur/Actrice, , 
266,Saoirse Ronan,Acteur/Actrice, , 
267,Hugh Welchman,Acteur/Actrice, , 
268,Bill Nighy,Acteur/Actrice, , 
269,Bérénice Bejo,Acteur/Actrice, , 
270,Toni Servillo,Acteur/Actrice, , 
273,Chris Williams,Acteur/Actrice, , 
274,Domhnall Gleeson,Acteur/Actrice, , 
275,Sridevi,Acteur/Actrice, , 
276,Hideaki Anno,Acteur/Actrice, , 
278,Geoffrey Rush,Acteur/Actrice, , 
279,Jared Gilman,Acteur/Actrice, , 
280,Jay Baruchel,Acteur/Actrice, , 
282,Takako Matsu,Acteur/Actrice, , 
283,Lee Byung-Hun,Acteur/Actrice, , 
286,Won Bin,Acteur/Actrice, , 
287,O'Shea Jackson Jr.,Acteur/Actrice, , 
288,Hye-ja Kim,Acteur/Actrice, , 
289,Kim Yoon-seok,Acteur/Actrice, , 
291,Christian Friedel,Acteur/Actrice, , 
292,Michael Nyqvist,Acteur/Actrice, , 
293,Eddie Redmayne,Acteur/Actrice, , 
295,Mark Wahlberg,Acteur/Actrice, , 
297,Asa Butterfield,Acteur/Actrice, , 
298,Glen Hansard,Acteur/Actrice, , 
299,Martin Freeman,Acteur/Actrice, , 
300,Baki Davrak,Acteur/Actrice, , 
301,Keira Knightley,Acteur/Actrice, , 
304,Sam Worthington,Acteur/Actrice, , 
305,Jared Leto,Acteur/Actrice, , 
306,Gerardo Taracena,Acteur/Actrice, , 
307,Valerie Faris,Acteur/Actrice, , 
311,Ulrich Thomsen,Acteur/Actrice, , 
314,Shôgo Furuya,Acteur/Actrice, , 
315,Nathan Fillion,Acteur/Actrice, , 
317,Andreas Wilson,Acteur/Actrice, , 
318,Gena Rowlands,Acteur/Actrice, , 
319,Gael García Bernal,Acteur/Actrice, , 
320,Oksana Akinshina,Acteur/Actrice, , 
321,Michèle Caucheteux,Acteur/Actrice, , 
322,Lee Yeong-ae,Acteur/Actrice, , 
323,Jim Caviezel,Acteur/Actrice, , 
326,Yun-Fat Chow,Acteur/Actrice, , 
328,Vicky Jenson,Acteur/Actrice, , 
329,Yalitza Aparicio,Acteur/Actrice, , 
330,Josh O'Connor,Acteur/Actrice, , 
332,Kelsey Asbille,Acteur/Actrice, , 
333,Daniel Kaluuya,Acteur/Actrice, , 
335,Rolf Lassgård,Acteur/Actrice, , 
340,Shailene Woodley,Acteur/Actrice, , 
341,Thomas Mann,Acteur/Actrice, , 
343,Léa Seydoux,Acteur/Actrice, , 
344,Amit Sadh,Acteur/Actrice, , 
345,Veerle Baetens,Acteur/Actrice, , 
348,Bruce Dern,Acteur/Actrice, , 
349,John C. Reilly,Acteur/Actrice, , 
352,Owen Wilson,Acteur/Actrice, , 
353,Phil Lord,Acteur/Actrice, , 
354,Sandra Bullock,Acteur/Actrice, , 
356,Abraham Attah,Acteur/Actrice, , 
357,Jesse Eisenberg,Acteur/Actrice, , 
359,Zach Galifianakis,Acteur/Actrice, , 
363,Zooey Deschanel,Acteur/Actrice, , 
365,Cate Blanchett,Acteur/Actrice, , 
366,Frank Langella,Acteur/Actrice, , 
367,Megumi Hayashibara,Acteur/Actrice, , 
368,Angelina Jolie,Acteur/Actrice, , 
369,Madeline Carroll,Acteur/Actrice, , 
370,Riisa Naka,Acteur/Actrice, , 
371,Tatsuya Fujiwara,Acteur/Actrice, , 
372,Thomas Turgoose,Acteur/Actrice, , 
373,Alicia Vikander,Acteur/Actrice, , 
377,Josh Hartnett,Acteur/Actrice, , 
378,Diane Kruger,Acteur/Actrice, , 
379,Sam Riley,Acteur/Actrice, , 
381,Carice van Houten,Acteur/Actrice, , 
389,Bill Murray,Acteur/Actrice, , 
392,Dakota Fanning,Acteur/Actrice, , 
394,Eileen Walsh,Acteur/Actrice, , 
396,Paddy Considine,Acteur/Actrice, , 
398,Nicolas Cage,Acteur/Actrice, , 
401,Moritz Bleibtreu,Acteur/Actrice, , 
402,Jamie Bell,Acteur/Actrice, , 
405,Andrew Philpot,Acteur/Actrice, , 
407,James Marsden,Acteur/Actrice, , 
410,John Cho,Acteur/Actrice, , 
412,Maryana Spivak,Acteur/Actrice, , 
413,Brooklynn Prince,Acteur/Actrice, , 
414,Michael B. Jordan,Acteur/Actrice, , 
415,Chris Evans,Acteur/Actrice, , 
416,Michael Schwartz,Acteur/Actrice, , 
417,Laia Costa,Acteur/Actrice, , 
418,Günes Sensoy,Acteur/Actrice, , 
420,Ansel Elgort,Acteur/Actrice, , 
421,Josh Brolin,Acteur/Actrice, , 
424,John Musker,Acteur/Actrice, , 
425,Emily Blunt,Acteur/Actrice, , 
427,Aleksey Serebryakov,Acteur/Actrice, , 
431,Jose Coronado,Acteur/Actrice, , 
434,Amy Poehler,Acteur/Actrice, , 
435,Lady Gaga,Acteur/Actrice, , 
437,Mikael Persbrandt,Acteur/Actrice, , 
438,Chris Renaud,Acteur/Actrice, , 
439,Joseph Gordon-Levitt,Acteur/Actrice, , 
440,Aaron Taylor-Johnson,Acteur/Actrice, , 
441,Luis Tosar,Acteur/Actrice, , 
443,Antonio Banderas,Acteur/Actrice, , 
445,Jürgen Vogel,Acteur/Actrice, , 
447,Quinton Aaron,Acteur/Actrice, , 
448,Richard Jenkins,Acteur/Actrice, , 
451,Charlie Cox,Acteur/Actrice, , 
452,Nora Twomey,Acteur/Actrice, , 
455,Marion Cotillard,Acteur/Actrice, , 
461,Scarlett Johansson,Acteur/Actrice, , 
462,Jackie Earle Haley,Acteur/Actrice, , 
464,Cary Elwes,Acteur/Actrice, , 
465,Philip Seymour Hoffman,Acteur/Actrice, , 
466,Brady Corbet,Acteur/Actrice, , 
467,Guillaume Canet,Acteur/Actrice, , 
474,J. Mackye Gruber,Acteur/Actrice, , 
475,Cillian Murphy,Acteur/Actrice, , 
477,Gene Hackman,Acteur/Actrice, , 
478,Maribel Verdú,Acteur/Actrice, , 
482,Jude Law,Acteur/Actrice, , 
0,Aaron Eckhart,Acteur/Actrice, , 
2,Elliot Page,Acteur/Actrice, , 
5,Leslie Odom Jr.,Acteur/Actrice, , 
6,Cho Yeo-jeong,Acteur/Actrice, , 
8,Jessica Chastain,Acteur/Actrice, , 
9,Leandro Firmino,Acteur/Actrice, , 
11,Zazie Beetz,Acteur/Actrice, , 
12,Melissa Benoist,Acteur/Actrice, , 
13,Omar Sy,Acteur/Actrice, , 
16,Frank Finlay,Acteur/Actrice, , 
17,Connie Nielsen,Acteur/Actrice, , 
18,Boluwatife Treasure Bankole,Acteur/Actrice, , 
19,Ismail Hacioglu,Acteur/Actrice, , 
20,Vijay Sethupathi,Acteur/Actrice, , 
21,Ryô Narita,Acteur/Actrice, , 
22,Fatima Sana Shaikh,Acteur/Actrice, , 
23,Shameik Moore,Acteur/Actrice, , 
28,Anne Hathaway,Acteur/Actrice, , 
29,Mona Singh,Acteur/Actrice, , 
31,Jeff Garlin,Acteur/Actrice, , 
32,Sebastian Koch,Acteur/Actrice, , 
33,Kang Hye-jeong,Acteur/Actrice, , 
34,Joe Pantoliano,Acteur/Actrice, , 
35,Daniel Mays,Acteur/Actrice, , 
36,Sohum Shah,Acteur/Actrice, , 
37,Radhika Apte,Acteur/Actrice, , 
38,Asha Sharath,Acteur/Actrice, , 
39,Annika Wedderkopp,Acteur/Actrice, , 
40,Sareh Bayat,Acteur/Actrice, , 
41,Maxim Gaudette,Acteur/Actrice, , 
42,Deniz Baysal,Acteur/Actrice, , 
43,Hümeyra,Acteur/Actrice, , 
44,Eli Roth,Acteur/Actrice, , 
45,Tom Wilkinson,Acteur/Actrice, , 
46,Rufus,Acteur/Actrice, , 
47,Benicio Del Toro,Acteur/Actrice, , 
48,Jennifer Connelly,Acteur/Actrice, , 
49,Varun Sharma,Acteur/Actrice, , 
50,Mohit Raina,Acteur/Actrice, , 
51,Ramachandra Raju,Acteur/Actrice, , 
52,Linda Cardellini,Acteur/Actrice, , 
54,Neeraj Kabi,Acteur/Actrice, , 
55,Anushka Shetty,Acteur/Actrice, , 
56,J.K. Simmons,Acteur/Actrice, , 
57,Tabu,Acteur/Actrice, , 
58,Lisa Haydon,Acteur/Actrice, , 
59,Giorgi Nakashidze,Acteur/Actrice, , 
60,Pawan Malhotra,Acteur/Actrice, , 
61,Nawazuddin Siddiqui,Acteur/Actrice, , 
62,Manjot Singh,Acteur/Actrice, , 
63,Rajesh Abhay,Acteur/Actrice, , 
64,Pablo Rago,Acteur/Actrice, , 
65,Joel Edgerton,Acteur/Actrice, , 
67,Jordan Nagai,Acteur/Actrice, , 
68,Margot Robbie,Acteur/Actrice, , 
69,Sagarika Ghatge,Acteur/Actrice, , 
70,Ciarán Hinds,Acteur/Actrice, , 
71,Sergi López,Acteur/Actrice, , 
72,Joan Cusack,Acteur/Actrice, , 
73,Rupert Graves,Acteur/Actrice, , 
74,Siddharth,Acteur/Actrice, , 
75,Shernaz Patel,Acteur/Actrice, , 
77,Kishori Ballal,Acteur/Actrice, , 
78,Ulrich Matthes,Acteur/Actrice, , 
79,Tatsuya Gashûin,Acteur/Actrice, , 
82,Luàna Bajrami,Acteur/Actrice, , 
83,Kirti Kulhari,Acteur/Actrice, , 
84,Aoi Yûki,Acteur/Actrice, , 
86,Cho Jin-woong,Acteur/Actrice, , 
87,Suzanne Clément,Acteur/Actrice, , 
88,Shraddha Kapoor,Acteur/Actrice, , 
89,Dafne Keen,Acteur/Actrice, , 
90,Sean Bridgers,Acteur/Actrice, , 
91,Mónica Villa,Acteur/Actrice, , 
92,Tina Fey,Acteur/Actrice, , 
93,Demet Akbag,Acteur/Actrice, , 
95,Mithun Chakraborty,Acteur/Actrice, , 
96,Mathieu Amalric,Acteur/Actrice, , 
97,Neil Patrick Harris,Acteur/Actrice, , 
98,Haru Kuroki,Acteur/Actrice, , 
99,Luke Bracey,Acteur/Actrice, , 
100,Bill Hader,Acteur/Actrice, , 
101,Ileana D'Cruz,Acteur/Actrice, , 
102,Michael Fassbender,Acteur/Actrice, , 
103,Olivia Wilde,Acteur/Actrice, , 
104,Jon Bernthal,Acteur/Actrice, , 
105,Rachel McAdams,Acteur/Actrice, , 
106,Lisa Hannigan,Acteur/Actrice, , 
107,Indraneil Sengupta,Acteur/Actrice, , 
109,Viola Davis,Acteur/Actrice, , 
110,Nicholas Hoult,Acteur/Actrice, , 
111,Jimmy Sheirgill,Acteur/Actrice, , 
112,Christopher Carley,Acteur/Actrice, , 
113,Rupert Grint,Acteur/Actrice, , 
114,Tsutomu Yamazaki,Acteur/Actrice, , 
115,Cary-Hiroyuki Tagawa,Acteur/Actrice, , 
116,Eric Bana,Acteur/Actrice, , 
118,Catherine Keener,Acteur/Actrice, , 
123,Eun-ju Lee,Acteur/Actrice, , 
124,Vernon Dobtcheff,Acteur/Actrice, , 
125,Gracy Singh,Acteur/Actrice, , 
126,Roe-ha Kim,Acteur/Actrice, , 
127,Akshaye Khanna,Acteur/Actrice, , 
128,Daryl Hannah,Acteur/Actrice, , 
129,Ellen DeGeneres,Acteur/Actrice, , 
131,Goya Toledo,Acteur/Actrice, , 
132,Billy Crystal,Acteur/Actrice, , 
134,Ping Lam Siu,Acteur/Actrice, , 
135,Gajraj Rao,Acteur/Actrice, , 
136,Christopher Heyerdahl,Acteur/Actrice, , 
137,Kumud Mishra,Acteur/Actrice, , 
139,Rana Daggubati,Acteur/Actrice, , 
140,Rosemarie DeWitt,Acteur/Actrice, , 
141,Rooney Mara,Acteur/Actrice, , 
142,Kristen Wiig,Acteur/Actrice, , 
143,Ginnifer Goodwin,Acteur/Actrice, , 
144,Ramya Krishnan,Acteur/Actrice, , 
145,Mary Steenburgen,Acteur/Actrice, , 
146,Izabela Vidovic,Acteur/Actrice, , 
147,Ranveer Singh,Acteur/Actrice, , 
149,John Gallagher Jr.,Acteur/Actrice, , 
150,Arifin Putra,Acteur/Actrice, , 
151,Matthew Goode,Acteur/Actrice, , 
153,Ana de Armas,Acteur/Actrice, , 
155,Gwilym Lee,Acteur/Actrice, , 
156,Will Poulter,Acteur/Actrice, , 
157,Ezra Miller,Acteur/Actrice, , 
158,André Ramiro,Acteur/Actrice, , 
159,Helena Bonham Carter,Acteur/Actrice, , 
160,Octavia Spencer,Acteur/Actrice, , 
161,T.J. Miller,Acteur/Actrice, , 
162,Taraneh Alidoosti,Acteur/Actrice, , 
163,Kalki Koechlin,Acteur/Actrice, , 
164,Siu-Wong Fan,Acteur/Actrice, , 
165,Sheetal Menon,Acteur/Actrice, , 
166,Ilker Kizmaz,Acteur/Actrice, , 
167,Freida Pinto,Acteur/Actrice, , 
168,Vincent Cassel,Acteur/Actrice, , 
169,Caio Junqueira,Acteur/Actrice, , 
171,Catherine Deneuve,Acteur/Actrice, , 
173,Jaden Smith,Acteur/Actrice, , 
175,Joan Allen,Acteur/Actrice, , 
176,Hyuk-ho Kwon,Acteur/Actrice, , 
178,Emmanuelle Seigner,Acteur/Actrice, , 
179,Ozan Güven,Acteur/Actrice, , 
180,Lou Romano,Acteur/Actrice, , 
182,Michael Madsen,Acteur/Actrice, , 
183,Konstantin Lavronenko,Acteur/Actrice, , 
184,Jong-ho Kim,Acteur/Actrice, , 
185,Lola Dueñas,Acteur/Actrice, , 
186,Craig Bierko,Acteur/Actrice, , 
187,Saif Ali Khan,Acteur/Actrice, , 
191,Holly Hunter,Acteur/Actrice, , 
192,In-mun Kim,Acteur/Actrice, , 
193,Lauren Bacall,Acteur/Actrice, , 
195,Mary McDonnell,Acteur/Actrice, , 
196,David Morse,Acteur/Actrice, , 
198,Sahil Vaid,Acteur/Actrice, , 
199,Kirin Kiki,Acteur/Actrice, , 
200,Julia Greer,Acteur/Actrice, , 
201,Michael Stuhlbarg,Acteur/Actrice, , 
202,Hayley Squires,Acteur/Actrice, , 
204,Rima Te Wiata,Acteur/Actrice, , 
205,Samantha Isler,Acteur/Actrice, , 
206,Maria Doyle Kennedy,Acteur/Actrice, , 
208,Bill Paxton,Acteur/Actrice, , 
210,Forest Whitaker,Acteur/Actrice, , 
211,Oscar Isaac,Acteur/Actrice, , 
212,Seamus Davey-Fitzpatrick,Acteur/Actrice, , 
214,Taner Birsel,Acteur/Actrice, , 
215,John Goodman,Acteur/Actrice, , 
217,Isabelle Huppert,Acteur/Actrice, , 
218,Joe Pesci,Acteur/Actrice, , 
219,Adel Bencherif,Acteur/Actrice, , 
220,Dominique McElligott,Acteur/Actrice, , 
221,Per Ragnar,Acteur/Actrice, , 
222,Jason Cope,Acteur/Actrice, , 
223,Evan Rachel Wood,Acteur/Actrice, , 
224,Tarun Arora,Acteur/Actrice, , 
226,Vlad Ivanov,Acteur/Actrice, , 
229,John Billingsley,Acteur/Actrice, , 
230,Tsuyoshi Ihara,Acteur/Actrice, , 
231,Justine Waddell,Acteur/Actrice, , 
232,Adil Hussain,Acteur/Actrice, , 
234,Danielle Proulx,Acteur/Actrice, , 
235,Jean-Baptiste Maunier,Acteur/Actrice, , 
236,Terrence Howard,Acteur/Actrice, , 
237,Kate Ashfield,Acteur/Actrice, , 
238,Güven Kiraç,Acteur/Actrice, , 
239,Kevin Bacon,Acteur/Actrice, , 
241,Maggie Cheung,Acteur/Actrice, , 
243,Filip Sovagovic,Acteur/Actrice, , 
244,Yoshiyuki Takei,Acteur/Actrice, , 
245,Chris Cooper,Acteur/Actrice, , 
246,Graciela Tenenbaum,Acteur/Actrice, , 
248,Kate Hudson,Acteur/Actrice, , 
249,Justin Theroux,Acteur/Actrice, , 
250,Michelle Dockery,Acteur/Actrice, , 
251,Rajit Kapoor,Acteur/Actrice, , 
252,Paul Raci,Acteur/Actrice, , 
253,Babak Karimi,Acteur/Actrice, , 
254,Mark Rylance,Acteur/Actrice, , 
255,Marco Giallini,Acteur/Actrice, , 
256,Janelle Monáe,Acteur/Actrice, , 
257,Hugh Bonneville,Acteur/Actrice, , 
258,Kareena Kapoor,Acteur/Actrice, , 
261,Kyle Chandler,Acteur/Actrice, , 
262,Joel Basman,Acteur/Actrice, , 
263,Alan Tudyk,Acteur/Actrice, , 
265,Jennifer Jason Leigh,Acteur/Actrice, , 
266,Florence Pugh,Acteur/Actrice, , 
267,Jerome Flynn,Acteur/Actrice, , 
268,Dominic West,Acteur/Actrice, , 
269,Ali Mosaffa,Acteur/Actrice, , 
270,Sabrina Ferilli,Acteur/Actrice, , 
272,Annu Kapoor,Acteur/Actrice, , 
273,Scott Adsit,Acteur/Actrice, , 
275,Mehdi Nebbou,Acteur/Actrice, , 
276,Miori Takimoto,Acteur/Actrice, , 
277,Annie Potts,Acteur/Actrice, , 
278,Sylvia Hoeks,Acteur/Actrice, , 
279,Bruce Willis,Acteur/Actrice, , 
282,Masaki Okada,Acteur/Actrice, , 
283,Jeon Gook-Hwan,Acteur/Actrice, , 
284,Christopher Plummer,Acteur/Actrice, , 
285,Barkhad Abdirahman,Acteur/Actrice, , 
286,Tae-hoon Kim,Acteur/Actrice, , 
287,Jason Mitchell,Acteur/Actrice, , 
288,Jin Goo,Acteur/Actrice, , 
289,Yeong-hie Seo,Acteur/Actrice, , 
290,Richard Armitage,Acteur/Actrice, , 
291,Leonie Benesch,Acteur/Actrice, , 
292,Ewa Fröling,Acteur/Actrice, , 
293,Sacha Baron Cohen,Acteur/Actrice, , 
294,Magnus Millang,Acteur/Actrice, , 
296,Famke Janssen,Acteur/Actrice, , 
297,Rupert Friend,Acteur/Actrice, , 
298,Hugh Walsh,Acteur/Actrice, , 
300,Tuncel Kurtiz,Acteur/Actrice, , 
301,Brenda Blethyn,Acteur/Actrice, , 
304,Sigourney Weaver,Acteur/Actrice, , 
306,Dalia Hernández,Acteur/Actrice, , 
309,Tilda Swinton,Acteur/Actrice, , 
310,Rani Mukerji,Acteur/Actrice, , 
311,Nicolas Bro,Acteur/Actrice, , 
313,Iain Rea,Acteur/Actrice, , 
314,Yoshiaki Umegaki,Acteur/Actrice, , 
317,Gustaf Skarsgård,Acteur/Actrice, , 
319,Mía Maestro,Acteur/Actrice, , 
320,Pavel Ponomaryov,Acteur/Actrice, , 
321,Michel Robin,Acteur/Actrice, , 
323,Christopher Adamson,Acteur/Actrice, , 
324,Lorelei Linklater,Acteur/Actrice, , 
325,Wood Harris,Acteur/Actrice, , 
326,Ziyi Zhang,Acteur/Actrice, , 
327,Paul Sanchez,Acteur/Actrice, , 
328,Eddie Murphy,Acteur/Actrice, , 
329,Diego Cortina Autrey,Acteur/Actrice, , 
330,Gemma Jones,Acteur/Actrice, , 
331,Morena Baccarin,Acteur/Actrice, , 
332,Julia Jones,Acteur/Actrice, , 
333,Bradley Whitford,Acteur/Actrice, , 
334,Ving Rhames,Acteur/Actrice, , 
335,Filip Berg,Acteur/Actrice, , 
337,Kasumi Arimura,Acteur/Actrice, , 
338,Tom Prior,Acteur/Actrice, , 
340,Nat Wolff,Acteur/Actrice, , 
341,Olivia Cooke,Acteur/Actrice, , 
343,Salim Kechiouche,Acteur/Actrice, , 
344,Rajkummar Rao,Acteur/Actrice, , 
345,Nell Cattrysse,Acteur/Actrice, , 
347,Shammi Kapoor,Acteur/Actrice, , 
348,June Squibb,Acteur/Actrice, , 
349,Jane Lynch,Acteur/Actrice, , 
351,Marcia Gay Harden,Acteur/Actrice, , 
353,Will Ferrell,Acteur/Actrice, , 
355,Zoe Saldana,Acteur/Actrice, , 
356,Ricky Adelayitor,Acteur/Actrice, , 
357,Justin Timberlake,Acteur/Actrice, , 
358,Jennifer Lawrence,Acteur/Actrice, , 
359,Justin Bartha,Acteur/Actrice, , 
360,Naomie Harris,Acteur/Actrice, , 
363,Geoffrey Arend,Acteur/Actrice, , 
367,Katsunosuke Hori,Acteur/Actrice, , 
368,Amy Ryan,Acteur/Actrice, , 
369,Rebecca De Mornay,Acteur/Actrice, , 
370,Mitsutaka Itakura,Acteur/Actrice, , 
371,Asaka Seto,Acteur/Actrice, , 
372,Jo Hartley,Acteur/Actrice, , 
375,Gillian Anderson,Acteur/Actrice, , 
379,Craig Parkinson,Acteur/Actrice, , 
380,Zachary Levi,Acteur/Actrice, , 
381,Thom Hoffman,Acteur/Actrice, , 
382,Michelle Williams,Acteur/Actrice, , 
383,Ben Foster,Acteur/Actrice, , 
384,Thandie Newton,Acteur/Actrice, , 
385,Qiu Yuen,Acteur/Actrice, , 
387,Aitana Sánchez-Gijón,Acteur/Actrice, , 
388,Kerry Washington,Acteur/Actrice, , 
389,Giovanni Ribisi,Acteur/Actrice, , 
392,John Hodgman,Acteur/Actrice, , 
393,Billy Connolly,Acteur/Actrice, , 
394,Nora-Jane Noone,Acteur/Actrice, , 
395,Chulpan Khamatova,Acteur/Actrice, , 
396,Djimon Hounsou,Acteur/Actrice, , 
399,Tom Sizemore,Acteur/Actrice, , 
400,Rob Maxey,Acteur/Actrice, , 
401,Oliver Stokowski,Acteur/Actrice, , 
402,Jean Heywood,Acteur/Actrice, , 
403,Stephen Trask,Acteur/Actrice, , 
404,Julia Roberts,Acteur/Actrice, , 
405,Pamela Adlon,Acteur/Actrice, , 
406,John Turturro,Acteur/Actrice, , 
408,Scott Glenn,Acteur/Actrice, , 
409,Tim Robbins,Acteur/Actrice, , 
410,Joseph Lee,Acteur/Actrice, , 
412,Matvey Novikov,Acteur/Actrice, , 
415,Lindsay Duncan,Acteur/Actrice, , 
416,Ann Owens,Acteur/Actrice, , 
417,Franz Rogowski,Acteur/Actrice, , 
418,Tugba Sunguroglu,Acteur/Actrice, , 
419,Dave Bautista,Acteur/Actrice, , 
420,Jon Hamm,Acteur/Actrice, , 
422,Alan Alda,Acteur/Actrice, , 
423,Sarah Vowell,Acteur/Actrice, , 
426,Tessa Thompson,Acteur/Actrice, , 
427,Roman Madyanov,Acteur/Actrice, , 
429,Sophie Kennedy Clark,Acteur/Actrice, , 
430,Andy Serkis,Acteur/Actrice, , 
431,Belén Rueda,Acteur/Actrice, , 
432,Ray Sahetapy,Acteur/Actrice, , 
433,Anna Kendrick,Acteur/Actrice, , 
437,Markus Rygaard,Acteur/Actrice, , 
438,Jason Segel,Acteur/Actrice, , 
441,Antonio Resines,Acteur/Actrice, , 
442,Jonah Hill,Acteur/Actrice, , 
443,Jan Cornet,Acteur/Actrice, , 
444,Woody Harrelson,Acteur/Actrice, , 
445,Max Riemelt,Acteur/Actrice, , 
447,Tim McGraw,Acteur/Actrice, , 
448,Danai Gurira,Acteur/Actrice, , 
450,Armin Mueller-Stahl,Acteur/Actrice, , 
451,Sienna Miller,Acteur/Actrice, , 
452,Brendan Gleeson,Acteur/Actrice, , 
453,Jodie Foster,Acteur/Actrice, , 
455,Pascal Greggory,Acteur/Actrice, , 
456,Yong Dong,Acteur/Actrice, , 
457,Paul Giamatti,Acteur/Actrice, , 
458,Toby Kebbell,Acteur/Actrice, , 
460,David Wenham,Acteur/Actrice, , 
461,Emily Mortimer,Acteur/Actrice, , 
462,Carla Gugino,Acteur/Actrice, , 
464,Danny Glover,Acteur/Actrice, , 
466,Elisabeth Shue,Acteur/Actrice, , 
467,Thibault Verhaeghe,Acteur/Actrice, , 
469,Bobby Cannavale,Acteur/Actrice, , 
471,Bae Doona,Acteur/Actrice, , 
472,Julie Christie,Acteur/Actrice, , 
474,Amy Smart,Acteur/Actrice, , 
475,Christopher Eccleston,Acteur/Actrice, , 
476,Tarô Yamamoto,Acteur/Actrice, , 
477,Anjelica Huston,Acteur/Actrice, , 
478,Daniel Giménez Cacho,Acteur/Actrice, , 
479,Richard Harris,Acteur/Actrice, , 
480,Fionnula Flanagan,Acteur/Actrice, , 
482,Joseph Fiennes,Acteur/Actrice, , 
483,Samantha Morton,Acteur/Actrice, , 
484,Josh Lucas,Acteur/Actrice, , 
3,Sean Bean,Acteur/Actrice, , 
5,Renée Elise Goldsberry,Acteur/Actrice, , 
6,Choi Woo-sik,Acteur/Actrice, , 
7,Aparna Balamurali,Acteur/Actrice, , 
8,Mackenzie Foy,Acteur/Actrice, , 
9,Matheus Nachtergaele,Acteur/Actrice, , 
10,Rumi Hiiragi,Acteur/Actrice, , 
11,Frances Conroy,Acteur/Actrice, , 
12,Paul Reiser,Acteur/Actrice, , 
13,Anne Le Ny,Acteur/Actrice, , 
16,Emilia Fox,Acteur/Actrice, , 
17,Oliver Reed,Acteur/Actrice, , 
18,Kawsar Al Haddad,Acteur/Actrice, , 
19,Kyung-jin Lee,Acteur/Actrice, , 
20,Shraddha Srinath,Acteur/Actrice, , 
22,Sanya Malhotra,Acteur/Actrice, , 
23,Jake Johnson,Acteur/Actrice, , 
26,Benjamin Bratt,Acteur/Actrice, , 
29,Sharman Joshi,Acteur/Actrice, , 
30,Tisca Chopra,Acteur/Actrice, , 
31,Fred Willard,Acteur/Actrice, , 
32,Ulrich Tukur,Acteur/Actrice, , 
33,Kim Byeong-Ok,Acteur/Actrice, , 
34,Mark Boone Junior,Acteur/Actrice, , 
36,Jyoti Malshe,Acteur/Actrice, , 
37,Anil Dhawan,Acteur/Actrice, , 
38,Ansiba,Acteur/Actrice, , 
39,Lasse Fogelstrøm,Acteur/Actrice, , 
41,Mustafa Kamel,Acteur/Actrice, , 
42,Celile Toyon Uysal,Acteur/Actrice, , 
43,Ege Tanman,Acteur/Actrice, , 
44,Mélanie Laurent,Acteur/Actrice, , 
45,Gerry Robert Byrne,Acteur/Actrice, , 
46,Lorella Cravotta,Acteur/Actrice, , 
47,Dennis Farina,Acteur/Actrice, , 
48,Marlon Wayans,Acteur/Actrice, , 
49,Prateik,Acteur/Actrice, , 
50,Yami Gautam,Acteur/Actrice, , 
51,Archana Jois,Acteur/Actrice, , 
52,Sebastian Maniscalco,Acteur/Actrice, , 
53,Caleb Landry Jones,Acteur/Actrice, , 
55,Tamannaah Bhatia,Acteur/Actrice, , 
56,Rashida Jones,Acteur/Actrice, , 
57,Rajat Kapoor,Acteur/Actrice, , 
58,Jeffrey Ho,Acteur/Actrice, , 
59,Misha Meskhi,Acteur/Actrice, , 
60,Art Malik,Acteur/Actrice, , 
62,Ram Kapoor,Acteur/Actrice, , 
63,Hemendra Dandotiya,Acteur/Actrice, , 
64,Carla Quevedo,Acteur/Actrice, , 
65,Jennifer Morrison,Acteur/Actrice, , 
66,Ben Kingsley,Acteur/Actrice, , 
67,John Ratzenberger,Acteur/Actrice, , 
69,Shilpa Shukla,Acteur/Actrice, , 
70,Martin Stringer,Acteur/Actrice, , 
72,Ned Beatty,Acteur/Actrice, , 
73,Stephen Rea,Acteur/Actrice, , 
75,Ayesha Kapoor,Acteur/Actrice, , 
77,Smit Sheth,Acteur/Actrice, , 
78,Juliane Köhler,Acteur/Actrice, , 
79,Akihiro Miwa,Acteur/Actrice, , 
82,Valeria Golino,Acteur/Actrice, , 
83,Andrea Tariang,Acteur/Actrice, , 
84,Kenshô Ono,Acteur/Actrice, , 
85,Bárbara Lennie,Acteur/Actrice, , 
86,Moon So-Ri,Acteur/Actrice, , 
87,Patrick Huard,Acteur/Actrice, , 
88,Kay Kay Menon,Acteur/Actrice, , 
89,Boyd Holbrook,Acteur/Actrice, , 
90,Wendy Crewson,Acteur/Actrice, , 
91,Diego Starosta,Acteur/Actrice, , 
92,Graham Norton,Acteur/Actrice, , 
93,Ayberk Pekcan,Acteur/Actrice, , 
94,Boman Irani,Acteur/Actrice, , 
95,Mahesh Manjrekar,Acteur/Actrice, , 
98,Yukito Nishii,Acteur/Actrice, , 
99,Teresa Palmer,Acteur/Actrice, , 
100,Lewis Black,Acteur/Actrice, , 
101,Saurabh Shukla,Acteur/Actrice, , 
103,Alexandra Maria Lara,Acteur/Actrice, , 
104,Caitriona Balfe,Acteur/Actrice, , 
105,Liev Schreiber,Acteur/Actrice, , 
108,Katrina Kaif,Acteur/Actrice, , 
109,Melissa Leo,Acteur/Actrice, , 
110,Zoë Kravitz,Acteur/Actrice, , 
111,Aamir Bashir,Acteur/Actrice, , 
112,Ahney Her,Acteur/Actrice, , 
113,Michael Gambon,Acteur/Actrice, , 
114,Kazuko Yoshiyuki,Acteur/Actrice, , 
115,Sarah Roemer,Acteur/Actrice, , 
116,Barry Humphries,Acteur/Actrice, , 
117,Christopher Mintz-Plasse,Acteur/Actrice, , 
122,Xolani Mali,Acteur/Actrice, , 
123,Hyeong-jin Kong,Acteur/Actrice, , 
124,Louise Lemoine Torrès,Acteur/Actrice, , 
125,Sunil Dutt,Acteur/Actrice, , 
126,Jae-ho Song,Acteur/Actrice, , 
129,Alexander Gould,Acteur/Actrice, , 
130,Martin Sheen,Acteur/Actrice, , 
131,Álvaro Guerrero,Acteur/Actrice, , 
133,Rachel Shelley,Acteur/Actrice, , 
134,Tung Cho 'Joe' Cheung,Acteur/Actrice, , 
136,Richard Dormer,Acteur/Actrice, , 
137,Prakash Belawadi,Acteur/Actrice, , 
141,Sunny Pawar,Acteur/Actrice, , 
142,Kate Mara,Acteur/Actrice, , 
143,Jason Bateman,Acteur/Actrice, , 
144,Sathyaraj,Acteur/Actrice, , 
147,Vijay Raaz,Acteur/Actrice, , 
149,Kaitlyn Dever,Acteur/Actrice, , 
150,Oka Antara,Acteur/Actrice, , 
151,Allen Leech,Acteur/Actrice, , 
155,Ben Hardy,Acteur/Actrice, , 
158,Milhem Cortaz,Acteur/Actrice, , 
159,Derek Jacobi,Acteur/Actrice, , 
160,Bryce Dallas Howard,Acteur/Actrice, , 
161,Ed Skrein,Acteur/Actrice, , 
162,Merila Zare'i,Acteur/Actrice, , 
163,Dibyendu Bhattacharya,Acteur/Actrice, , 
164,Ka Tung Lam,Acteur/Actrice, , 
165,Katie A. Keane,Acteur/Actrice, , 
166,Baris Bagci,Acteur/Actrice, , 
168,Winona Ryder,Acteur/Actrice, , 
170,Jeremy Renner,Acteur/Actrice, , 
172,Steve Zahn,Acteur/Actrice, , 
173,Brian Howe,Acteur/Actrice, , 
174,Kagiso Kuypers,Acteur/Actrice, , 
175,Julia Stiles,Acteur/Actrice, , 
176,Jin-mo Joo,Acteur/Actrice, , 
177,Clive Owen,Acteur/Actrice, , 
178,Marie-Josée Croze,Acteur/Actrice, , 
179,Safak Sezer,Acteur/Actrice, , 
180,Patton Oswalt,Acteur/Actrice, , 
181,Jeffrey Wright,Acteur/Actrice, , 
183,Nataliya Vdovina,Acteur/Actrice, , 
184,Kim Young-Min,Acteur/Actrice, , 
185,Mabel Rivera,Acteur/Actrice, , 
187,Jaya Bachchan,Acteur/Actrice, , 
188,Anthony Chau-Sang Wong,Acteur/Actrice, , 
190,Jessica Lange,Acteur/Actrice, , 
191,Jason Lee,Acteur/Actrice, , 
192,Song Wok-suk,Acteur/Actrice, , 
193,Harriet Andersson,Acteur/Actrice, , 
194,Altan Erkekli,Acteur/Actrice, , 
195,Holmes Osborne,Acteur/Actrice, , 
196,Peter Stormare,Acteur/Actrice, , 
197,Jamie Lee Curtis,Acteur/Actrice, , 
198,Saswata Chatterjee,Acteur/Actrice, , 
199,Mayu Matsuoka,Acteur/Actrice, , 
200,Azhy Robertson,Acteur/Actrice, , 
201,Amira Casar,Acteur/Actrice, , 
202,Sharon Percy,Acteur/Actrice, , 
203,Bob Balaban,Acteur/Actrice, , 
204,Rachel House,Acteur/Actrice, , 
205,Annalise Basso,Acteur/Actrice, , 
206,Jack Reynor,Acteur/Actrice, , 
212,Ariane Labed,Acteur/Actrice, , 
214,Ahmet Mümtaz Taylan,Acteur/Actrice, , 
215,James Cromwell,Acteur/Actrice, , 
217,Alexandre Tharaud,Acteur/Actrice, , 
218,Harvey Keitel,Acteur/Actrice, , 
219,Reda Kateb,Acteur/Actrice, , 
220,Rosie Shaw,Acteur/Actrice, , 
221,Henrik Dahl,Acteur/Actrice, , 
222,Nathalie Boltt,Acteur/Actrice, , 
223,Mark Margolis,Acteur/Actrice, , 
224,Dara Singh,Acteur/Actrice, , 
225,Elijah Smith,Acteur/Actrice, , 
226,Alexandru Potocean,Acteur/Actrice, , 
228,Elizabeth Berrington,Acteur/Actrice, , 
229,Ellen Crawford,Acteur/Actrice, , 
230,Ryô Kase,Acteur/Actrice, , 
231,Kim Uylenbroek,Acteur/Actrice, , 
233,Jason Schwartzman,Acteur/Actrice, , 
234,Émile Vallée,Acteur/Actrice, , 
235,Kad Merad,Acteur/Actrice, , 
237,Lucy Davis,Acteur/Actrice, , 
238,Zarah Jane McKenzie,Acteur/Actrice, , 
239,Emmy Rossum,Acteur/Actrice, , 
240,Richard Griffiths,Acteur/Actrice, , 
242,Leonor Watling,Acteur/Actrice, , 
243,Georges Siatidis,Acteur/Actrice, , 
244,Beau Billingslea,Acteur/Actrice, , 
246,María Mercedes Villagra,Acteur/Actrice, , 
249,Jeanne Bates,Acteur/Actrice, , 
250,Jeremy Strong,Acteur/Actrice, , 
251,Shishir Sharma,Acteur/Actrice, , 
252,Lauren Ridloff,Acteur/Actrice, , 
253,Mina Sadati,Acteur/Actrice, , 
255,Edoardo Leo,Acteur/Actrice, , 
256,Kevin Costner,Acteur/Actrice, , 
257,Sally Hawkins,Acteur/Actrice, , 
258,Diljit Dosanjh,Acteur/Actrice, , 
260,Disha Patani,Acteur/Actrice, , 
261,Lucas Hedges,Acteur/Actrice, , 
262,Mikkel Boe Følsgaard,Acteur/Actrice, , 
265,Walton Goggins,Acteur/Actrice, , 
266,Eliza Scanlen,Acteur/Actrice, , 
267,Robert Gulaczyk,Acteur/Actrice, , 
269,Pauline Burlet,Acteur/Actrice, , 
270,Carlo Buccirosso,Acteur/Actrice, , 
271,Lillete Dubey,Acteur/Actrice, , 
272,Dolly Ahluwalia,Acteur/Actrice, , 
273,Jamie Chung,Acteur/Actrice, , 
274,Lydia Wilson,Acteur/Actrice, , 
275,Priya Anand,Acteur/Actrice, , 
276,Masahiko Nishimura,Acteur/Actrice, , 
277,Tony Hale,Acteur/Actrice, , 
280,Craig Ferguson,Acteur/Actrice, , 
283,Ho-jin Chun,Acteur/Actrice, , 
284,Stellan Skarsgård,Acteur/Actrice, , 
286,Hee-won Kim,Acteur/Actrice, , 
287,Neil Brown Jr.,Acteur/Actrice, , 
288,Je-mun Yun,Acteur/Actrice, , 
289,Yoo-Jeong Kim,Acteur/Actrice, , 
290,Ken Stott,Acteur/Actrice, , 
292,Lena Endre,Acteur/Actrice, , 
294,Lars Ranthe,Acteur/Actrice, , 
296,Leland Orser,Acteur/Actrice, , 
297,Zac Mattoon O'Brien,Acteur/Actrice, , 
298,Gerard Hendrick,Acteur/Actrice, , 
300,Nursel Köse,Acteur/Actrice, , 
302,Albert Brooks,Acteur/Actrice, , 
304,Michelle Rodriguez,Acteur/Actrice, , 
305,Linh Dan Pham,Acteur/Actrice, , 
306,Rudy Youngblood,Acteur/Actrice, , 
307,Greg Kinnear,Acteur/Actrice, , 
309,Julia Ormond,Acteur/Actrice, , 
310,Kirron Kher,Acteur/Actrice, , 
311,Paprika Steen,Acteur/Actrice, , 
313,Tessa Mitchell,Acteur/Actrice, , 
314,Aya Okamoto,Acteur/Actrice, , 
316,Robert Patrick,Acteur/Actrice, , 
317,Linda Zilliacus,Acteur/Actrice, , 
319,Mercedes Morán,Acteur/Actrice, , 
320,Lyubov Agapova,Acteur/Actrice, , 
321,Monica Viegas,Acteur/Actrice, , 
322,Kim Tae-Woo,Acteur/Actrice, , 
323,JB Blanc,Acteur/Actrice, , 
324,Wiley Wiggins,Acteur/Actrice, , 
325,Ryan Hurst,Acteur/Actrice, , 
326,Chen Chang,Acteur/Actrice, , 
327,Lari White,Acteur/Actrice, , 
328,Cameron Diaz,Acteur/Actrice, , 
329,Carlos Peralta,Acteur/Actrice, , 
330,Ian Hart,Acteur/Actrice, , 
331,Julian Dennison,Acteur/Actrice, , 
332,Teo Briones,Acteur/Actrice, , 
335,Ida Engvoll,Acteur/Actrice, , 
336,Cori Gonzalez-Macuer,Acteur/Actrice, , 
337,Nanako Matsushima,Acteur/Actrice, , 
338,Sophie Perry,Acteur/Actrice, , 
340,Laura Dern,Acteur/Actrice, , 
341,Nick Offerman,Acteur/Actrice, , 
342,Andrea Riseborough,Acteur/Actrice, , 
343,Aurélien Recoing,Acteur/Actrice, , 
344,Amrita Puri,Acteur/Actrice, , 
345,Geert Van Rampelberg,Acteur/Actrice, , 
348,Bob Odenkirk,Acteur/Actrice, , 
349,Sarah Silverman,Acteur/Actrice, , 
351,Lucy Liu,Acteur/Actrice, , 
352,Kurt Fuller,Acteur/Actrice, , 
353,Elizabeth Banks,Acteur/Actrice, , 
354,Orto Ignatiussen,Acteur/Actrice, , 
356,Andrew Adote,Acteur/Actrice, , 
359,Ed Helms,Acteur/Actrice, , 
361,Jacki Weaver,Acteur/Actrice, , 
362,Alan Arkin,Acteur/Actrice, , 
365,Tomoko Yamaguchi,Acteur/Actrice, , 
367,Tôru Furuya,Acteur/Actrice, , 
368,Gattlin Griffith,Acteur/Actrice, , 
369,Anthony Edwards,Acteur/Actrice, , 
370,Ayami Kakiuchi,Acteur/Actrice, , 
371,Yû Kashii,Acteur/Actrice, , 
372,Andrew Shim,Acteur/Actrice, , 
373,Sonoya Mizuno,Acteur/Actrice, , 
374,Neeral Mulchandani,Acteur/Actrice, , 
378,Natalie Dessay,Acteur/Actrice, , 
380,Donna Murphy,Acteur/Actrice, , 
381,Halina Reijn,Acteur/Actrice, , 
382,Randy Quaid,Acteur/Actrice, , 
384,Karina Arroyave,Acteur/Actrice, , 
385,Siu-Lung Leung,Acteur/Actrice, , 
386,Brian Cox,Acteur/Actrice, , 
387,John Sharian,Acteur/Actrice, , 
388,Clifton Powell,Acteur/Actrice, , 
389,Anna Faris,Acteur/Actrice, , 
390,Eric Sykes,Acteur/Actrice, , 
391,Radha Mitchell,Acteur/Actrice, , 
392,Jennifer Saunders,Acteur/Actrice, , 
393,William Atherton,Acteur/Actrice, , 
394,Anne-Marie Duff,Acteur/Actrice, , 
395,Florian Lukas,Acteur/Actrice, , 
396,Sarah Bolger,Acteur/Actrice, , 
397,Dianne Wiest,Acteur/Actrice, , 
400,Liam Aiken,Acteur/Actrice, , 
401,Wotan Wilke Möhring,Acteur/Actrice, , 
402,Jamie Draven,Acteur/Actrice, , 
403,Theodore Liscinski,Acteur/Actrice, , 
405,Wendee Lee,Acteur/Actrice, , 
406,Tim Blake Nelson,Acteur/Actrice, , 
407,Matthew Edison,Acteur/Actrice, , 
408,Tom Berenger,Acteur/Actrice, , 
409,Bill Pullman,Acteur/Actrice, , 
410,Michelle La,Acteur/Actrice, , 
412,Marina Vasileva,Acteur/Actrice, , 
413,Christopher Rivera,Acteur/Actrice, , 
414,Charlie Pye Jr.,Acteur/Actrice, , 
416,Dakota Johnson,Acteur/Actrice, , 
417,Burak Yigit,Acteur/Actrice, , 
418,Elit Iscan,Acteur/Actrice, , 
419,Vin Diesel,Acteur/Actrice, , 
420,Eiza González,Acteur/Actrice, , 
423,Huck Milner,Acteur/Actrice, , 
424,Auli'i Cravalho,Acteur/Actrice, , 
426,Phylicia Rashad,Acteur/Actrice, , 
427,Vladimir Vdovichenkov,Acteur/Actrice, , 
428,Gil Birmingham,Acteur/Actrice, , 
429,Mare Winningham,Acteur/Actrice, , 
430,Kodi Smit-McPhee,Acteur/Actrice, , 
431,Aura Garrido,Acteur/Actrice, , 
432,Donny Alamsyah,Acteur/Actrice, , 
433,America Ferrera,Acteur/Actrice, , 
435,Greg Grunberg,Acteur/Actrice, , 
436,Hailee Steinfeld,Acteur/Actrice, , 
437,Wil Johnson,Acteur/Actrice, , 
440,Garrett M. Brown,Acteur/Actrice, , 
441,Manuel Morón,Acteur/Actrice, , 
443,Marisa Paredes,Acteur/Actrice, , 
444,Abigail Breslin,Acteur/Actrice, , 
445,Jennifer Ulrich,Acteur/Actrice, , 
446,Mark Strong,Acteur/Actrice, , 
447,Jae Head,Acteur/Actrice, , 
448,Hiam Abbass,Acteur/Actrice, , 
449,Michael Ealy,Acteur/Actrice, , 
450,Josef Altin,Acteur/Actrice, , 
452,Mick Lally,Acteur/Actrice, , 
454,Michelle Monaghan,Acteur/Actrice, , 
456,Yun Qu,Acteur/Actrice, , 
457,Rufus Sewell,Acteur/Actrice, , 
458,Stuart Wolfenden,Acteur/Actrice, , 
462,Malin Akerman,Acteur/Actrice, , 
463,Bridget Moynahan,Acteur/Actrice, , 
464,Ken Leung,Acteur/Actrice, , 
466,Chase Ellison,Acteur/Actrice, , 
467,Joséphine Lebas-Joly,Acteur/Actrice, , 
468,Dominique Pinon,Acteur/Actrice, , 
469,Paul Benjamin,Acteur/Actrice, , 
470,Danny Huston,Acteur/Actrice, , 
471,Ji-Eun Lim,Acteur/Actrice, , 
473,Rosario Dawson,Acteur/Actrice, , 
474,Melora Walters,Acteur/Actrice, , 
475,Alex Palmer,Acteur/Actrice, , 
476,Takeshi Kitano,Acteur/Actrice, , 
477,Ben Stiller,Acteur/Actrice, , 
478,Ana López Mercado,Acteur/Actrice, , 
479,Maggie Smith,Acteur/Actrice, , 
480,Alakina Mann,Acteur/Actrice, , 
481,Rachel Griffiths,Acteur/Actrice, , 
482,Rachel Weisz,Acteur/Actrice, , 
483,Max von Sydow,Acteur/Actrice, , 
484,Bill Sage,Acteur/Actrice, , 
